"species","region","culabel","faz","fm_start","fm_end","n_fm","fm_dat_qual","oe_start","oe_end","n_oe","oe_dat_qual","rt_start","rt_end","n_rt","rt_dat_qual","sp_start","sp_end","n_sp","dat_qual","arrival","n_arrival","fm_source_faz","oe_source_faz","oe_age","inc_start","inc_end","rear_start","rear_end","mig_start","mig_end"
"CK","central coast","Bella Coola-Bentinck","BCD",71,120,0,6,101,144,4,4,NA,NA,NA,NA,215.852171577039,273.454284534843,75,1,151.673684215791,60,"HK","BCD","0+",215.852171577039,120,71,144,NA,273.454284534843
"CK","central coast","Dean River","BCD",71,120,0,6,101,144,0,6,NA,NA,NA,NA,220.895844796565,264.177746222626,43,1,167.180268347779,32,"HK","BCD","1+",220.895844796565,120,1,365,NA,264.177746222626
"CK","central coast","Docee","RSI",71,120,0,6,101,144,0,6,NA,NA,NA,NA,253.642752118531,295.833958679516,43,1,223.941800336729,31,"HK","BCD","0+",253.642752118531,120,71,144,NA,295.833958679516
"CK","central coast","North & Central Coast-Early","NC",81,128,24,1,81,166,5,2,NA,NA,NA,NA,215.34653025154,250.923215736913,673,1,180.646385335016,551,NA,"NC","0+",215.34653025154,128,81,166,NA,250.923215736913
"CK","central coast","North & Central Coast-Late","NC",81,128,0,6,81,166,0,6,NA,NA,NA,NA,215.626741735713,261.785024854934,98,1,199.69036381577,68,"NC","NC","0+",215.626741735713,128,81,166,NA,261.785024854934
"CK","central coast","Rivers Inlet","RSI",71,120,0,6,101,144,0,6,NA,NA,NA,NA,227.861628210521,266.570150494934,257,1,212.229081935978,187,"HK","BCD","1+",227.861628210521,120,1,365,NA,266.570150494934
"CK","central coast","Wannock","RSI",71,120,0,6,101,144,0,6,NA,NA,NA,NA,260.221548010927,323.381674174266,41,1,220.488880777442,24,"HK","BCD","0+",260.221548010927,120,71,144,NA,323.381674174266
"CK","columbia","Okanagan","OK",NA,NA,NA,NA,NA,NA,NA,NA,261.36,296.64,1,5,NA,NA,0,6,NA,0,"","","1+",NA,NA,1,365,261.36,NA
"CK","fraser","Boundary Bay (Fall 4-1)","BB",56,122,0,6,150,163,1,5,235,290,0,6,278.162761545976,360.055890159244,1,4,298.593879831422,3,"EVI","BB","0+",278.162761545976,122,56,163,235,360.055890159244
"CK","fraser","Fraser-Harrison Fall Transplant (Fall 4-1)","LFR",56,122,0,6,118,182,0,6,235,290,0,6,242.0275232,283.4467977,0,6,227.0487705,0,"EVI","MFR","0+",242.0275232,122,56,182,235,283.4467977
"CK","fraser","Fraser Canyon-Nahatlatch (Spring 5-2)","FRCany",96,168,0,6,118,182,0,6,119,233,0,6,250.596286621212,282.164004953694,39,1,244.850795843542,28,"MFR","MFR","1+",250.596286621212,168,1,365,119,282.164004953694
"CK","fraser","Lower Fraser River-Maria Slough (Summer 4-1)","LFR",56,122,0,6,118,182,0,6,208,231,2,3,264.470871679337,308.596412846799,41,1,262.987038836263,28,"EVI","MFR","0+",264.470871679337,122,56,182,208,308.596412846799
"CK","fraser","Lower Fraser River-Upper Pitt (Summer 5-2)","LFR",56,122,0,6,118,182,0,6,169,229,0,6,218.678361502757,261.090635493952,34,2,215.905659152229,20,"EVI","MFR","1+",218.678361502757,122,1,365,169,261.090635493952
"CK","fraser","Lower Fraser River (Fall 4-1)","LFR",56,122,0,6,126,165,1,5,235,290,2,3,285.121896260482,341.273021655092,35,1,287.496617370786,30,"EVI","LFR","0+",285.121896260482,122,56,165,235,341.273021655092
"CK","fraser","Lower Fraser River (Spring 5-2)","LFR",56,122,0,6,118,182,0,6,86,132,2,3,133.776110834436,211.480914642614,27,2,127.307767471978,13,"EVI","MFR","1+",133.776110834436,122,1,365,86,211.480914642614
"CK","fraser","Lower Fraser River (Summer 5-2)","LFR",56,122,0,6,118,182,0,6,169,229,0,6,238.99917080498,297.279576746112,86,1,209.160293827231,51,"EVI","MFR","1+",238.99917080498,122,1,365,169,297.279576746112
"CK","fraser","Lower Thompson River (Spring 4-2)","LTh",100,181,5,2,101,158,4,4,97,212,14,3,226.025221612653,263.293986776978,258,1,206.625324605013,177,NA,"LTh","1+",226.025221612653,181,1,365,97,263.293986776978
"CK","fraser","Middle Fraser River-Portage (Fall 5-2)","MFR",115,148,2,4,126,153,1,5,235,290,0,6,269.893742851905,306.072909269343,38,1,262.522325255554,29,NA,"MFR","1+",269.893742851905,148,1,365,235,306.072909269343
"CK","fraser","Middle Fraser River (Spring 5-2)","MFR",112,178,4,4,123,172,2,4,119,233,16,3,225.057537212336,254.13532017508,363,1,214.541715953458,243,NA,"MFR","1+",225.057537212336,178,1,365,119,254.13532017508
"CK","fraser","Middle Fraser River (Summer 5-2)","MFR",87,170,23,1,117,185,10,1,168,229,8,3,247.025528250749,275.498142765941,355,1,232.478825072259,214,NA,"MFR","1+",247.025528250749,170,1,365,168,275.498142765941
"CK","fraser","North Thompson River (Spring 5-2)","NTh",93,151,3,4,101,158,0,6,172,215,4,3,223.391925353802,253.133115257598,96,1,217.068443984697,60,NA,"LTh","1+",223.391925353802,151,1,365,172,253.133115257598
"CK","fraser","North Thompson River (Summer 5-2)","NTh",93,167,5,2,101,158,0,6,151,226,8,3,246.598604514492,275.593550400247,241,1,228.911767097133,159,NA,"LTh","1+",246.598604514492,167,1,365,151,275.593550400247
"CK","fraser","Shuswap River (Summer 4-1)","STh",93,140,0,6,116,139,2,4,168,220,4,3,253.324491768965,300.961961401382,67,1,202.826131551055,36,"STh","STh","0+",253.324491768965,140,93,139,168,300.961961401382
"CK","fraser","South Thompson-Adams River Upper","STh",93,140,1,4,111,160,0,6,235,290,0,6,249.957538911757,276.709001679257,7,5,237.972516195068,4,NA,"STh","1+",249.957538911757,140,1,365,235,276.709001679257
"CK","fraser","South Thompson River-Bessette Creek (Summer 4-2)","STh",93,140,0,6,111,160,0,6,176,219,2,3,252.14912930812,283.323280619602,47,1,236.579886452958,30,"STh","STh","1+",252.14912930812,140,1,365,176,283.323280619602
"CK","fraser","South Thompson River (Summer 4-1)","STh",93,140,0,6,106,182,2,4,208,240,2,3,260.240976146837,300.248436370814,171,1,239.214525811058,95,"STh","STh","0+",260.240976146837,140,93,182,208,300.248436370814
"CK","fraser","South Thompson River (Summer 5-2)","STh",93,141,3,4,111,160,0,6,146,222,4,3,242.192356744326,283.567978487801,103,1,203.277371602358,64,NA,"STh","1+",242.192356744326,141,1,365,146,283.567978487801
"CK","fraser","Upper Fraser River (Spring 5-2)","UFR",100,175,12,2,118,179,9,2,146,196,14,3,224.04420825676,249.029862030622,717,1,212.910430912064,473,NA,"UFR","1+",224.04420825676,175,1,365,146,249.029862030622
"CK","haida gwaii","East Haida Gwaii","HG",81,128,0,6,81,166,0,6,NA,NA,NA,NA,224.028148859494,254.403643576181,8,1,274.298997614041,5,"NC","NC","1+",224.028148859494,128,1,365,NA,254.403643576181
"CK","haida gwaii","North Haida Gwaii","HG",81,128,0,6,81,166,0,6,NA,NA,NA,NA,221.965607540814,270.677691047517,44,1,150.143211073422,33,"NC","NC","1+",221.965607540814,128,1,365,NA,270.677691047517
"CK","nass","Portland Sound-Observatory Inlet-Lower Nass","LNR-P",81,128,0,6,81,166,0,6,NA,NA,NA,NA,209.248495988136,242.303129598872,238,1,190.97148081991,156,"NC","NC","1+",209.248495988136,128,1,365,NA,242.303129598872
"CK","nass","Upper Nass","UNR",95,199,0,6,154,179,0,6,163,226,25,1,220.446237658981,265.06868596131,254,1,201.697872034044,217,"MSK","MSK","1+",220.446237658981,199,1,365,163,265.06868596131
"CK","skeena","Ecstall","LSK",95,199,0,6,154,179,0,6,192.94,236.06,1,5,235.395710767052,272.550881138744,86,1,214.90395627003,52,"MSK","MSK","0+",235.395710767052,199,95,179,192.94,272.550881138744
"CK","skeena","Kalum-Early","LSK",81,128,0,6,154,179,0,6,145.94,189.06,1,5,224.462290136447,258.31137700626,90,1,209.632198884076,61,"NC","MSK","1+",224.462290136447,128,1,365,145.94,258.31137700626
"CK","skeena","Kalum-Late","LSK",81,128,0,6,154,179,0,6,192.94,236.06,1,5,238.944049256872,276.258201517174,63,2,216.622624500875,53,"NC","MSK","1+",238.944049256872,128,1,365,192.94,276.258201517174
"CK","skeena","Lakelse","LSK",81,128,0,6,154,179,0,6,192.94,236.06,1,5,232.743992259275,261.732615827084,66,1,218.086222797846,52,"NC","MSK","1+",232.743992259275,128,1,365,192.94,261.732615827084
"CK","skeena","Lower Skeena","LSK",81,128,0,6,154,179,0,6,192.94,236.06,1,5,227.641308224528,256.815551299673,297,1,215.808594592667,243,"NC","MSK","1+",227.641308224528,128,1,365,192.94,256.815551299673
"CK","skeena","Middle Skeena-Large Lakes","MSK",95,199,5,2,154,179,0,6,192.94,236.06,1,5,239.572853076257,272.094418240168,235,1,225.378162447696,124,NA,"MSK","1+",239.572853076257,199,1,365,192.94,272.094418240168
"CK","skeena","Middle Skeena-Mainstem Tributaries","MSK",95,199,0,6,154,179,0,6,192.94,236.06,1,5,226.488818664797,256.310651032189,241,1,212.143076785081,203,"MSK","MSK","1+",226.488818664797,199,1,365,192.94,256.310651032189
"CK","skeena","Sicintine","USK",95,199,0,6,154,179,0,6,NA,NA,NA,NA,218.55747957738,238.558556686872,1,5,218.477106504021,1,"MSK","MSK","1+",218.55747957738,199,1,365,NA,238.558556686872
"CK","skeena","Skeena Estuary","HecLow",81,128,0,6,101,144,0,6,192.94,236.06,1,5,248.495294794247,281.419153715598,52,1,229.569279949124,34,"NC","BCD","1+",248.495294794247,128,1,365,192.94,281.419153715598
"CK","skeena","Upper Bulkley River","MSK",95,199,0,6,154,179,3,3,145.94,189.06,1,5,227.856900793219,255.87237840934,37,1,201.382076791552,20,"MSK","MSK","1+",227.856900793219,199,1,365,145.94,255.87237840934
"CK","skeena","Upper Skeena","USK",95,199,0,6,154,179,0,6,192.94,236.06,1,5,224.082876122144,251.767529516062,21,1,216.071926866633,14,"MSK","MSK","1+",224.082876122144,199,1,365,192.94,251.767529516062
"CK","skeena","Zymoetz","LSK",81,128,0,6,154,179,0,6,192.94,236.06,1,5,224.621658815949,251.445159790746,46,1,215.528013004527,36,"NC","MSK","1+",224.621658815949,128,1,365,192.94,251.445159790746
"CK","transboundary","Alsek","Alsek",NA,NA,NA,NA,NA,181,0,6,191,236,10,1,NA,NA,0,6,159.7649897,0,"","Taku","1+",NA,NA,1,365,191,NA
"CK","transboundary","Lynn Canal","Lynn",81,128,0,6,89,137,0,6,NA,NA,NA,NA,NA,NA,0,6,159.7649897,0,"NC","UNUK","1+",NA,128,1,365,NA,NA
"CK","transboundary","Stikine-Early Timing","LStk",81,128,0,6,113,157,20,1,NA,NA,NA,NA,NA,NA,0,6,159.7649897,0,"NC","LStk","1+",NA,128,1,365,NA,NA
"CK","transboundary","Stikine-Late Timing","LStk",81,128,0,6,113,157,20,1,NA,NA,NA,NA,NA,NA,0,6,159.7649897,0,"NC","LStk","1+",NA,128,1,365,NA,NA
"CK","transboundary","Taku-Early Timing","Taku",81,128,0,6,115,181,3,4,NA,NA,NA,NA,NA,NA,0,6,159.7649897,0,"NC","Taku","1+",NA,128,1,365,NA,NA
"CK","transboundary","Taku-Late Timing","Taku",81,128,0,6,115,181,3,4,NA,NA,NA,NA,NA,NA,0,6,159.7649897,0,"NC","Taku","1+",NA,128,1,365,NA,NA
"CK","transboundary","Taku-Mid Timing","Taku",81,128,0,6,115,181,3,4,NA,NA,NA,NA,NA,NA,0,6,159.7649897,0,"NC","Taku","1+",NA,128,1,365,NA,NA
"CK","transboundary","Unuk","UNUK",81,128,0,6,89,137,11,1,NA,NA,NA,NA,NA,NA,0,6,159.7649897,0,"NC","UNUK","1+",NA,128,1,365,NA,NA
"CK","transboundary","Whiting","Whiting",81,128,0,6,115,181,0,6,NA,NA,NA,NA,NA,NA,0,6,159.7649897,0,"NC","Taku","1+",NA,128,1,365,NA,NA
"CK","vancouver island and mainland inlets","East Vancouver Island-Cowichan and Koksilah (Fall x-1)","EVI",51,120,6,1,64,172,2,4,NA,NA,NA,NA,262.726162516175,315.39713458839,64,1,246.074208281292,46,NA,"EVI","0+",262.726162516175,120,51,172,NA,315.39713458839
"CK","vancouver island and mainland inlets","East Vancouver Island-Georgia Strait (Summer 4-1)","EVI",56,122,0,6,88,158,0,6,NA,NA,NA,NA,231.716892832597,307.867849763963,41,1,162.75634529915,36,"EVI","EVI","0+",231.716892832597,122,56,158,NA,307.867849763963
"CK","vancouver island and mainland inlets","East Vancouver Island-Goldstream (Fall x-1)","EVI",56,122,0,6,88,158,0,6,NA,NA,NA,NA,290.741683797935,327.584827947096,25,1,282.358248436217,35,"EVI","EVI","0+",290.741683797935,122,56,158,NA,327.584827947096
"CK","vancouver island and mainland inlets","East Vancouver Island-Nanaimo (Spring x-2)","EVI",56,122,0,6,140,212,3,4,NA,NA,NA,NA,252.2623878,295.3278027,0,6,236.5380372,0,"EVI","EVI","1+",252.2623878,122,1,365,NA,295.3278027
"CK","vancouver island and mainland inlets","East Vancouver Island-Nanaimo and Chemainus (Fall x-1)","EVI",56,122,0,6,84,136,8,1,NA,NA,NA,NA,264.767027846945,302.426598692503,40,1,255.43446169504,41,"EVI","EVI","0+",264.767027846945,122,56,136,NA,302.426598692503
"CK","vancouver island and mainland inlets","East Vancouver Island-North (Fall x-1)","EVI",56,122,0,6,88,158,0,6,NA,NA,NA,NA,247.179111403768,296.859132366102,274,1,235.141223614803,216,"EVI","EVI","1+",247.179111403768,122,1,365,NA,296.859132366102
"CK","vancouver island and mainland inlets","East Vancouver Island-Qualicum and Puntledge (Fall x-1)","EVI",75,128,11,4,75,177,11,4,NA,NA,NA,NA,269.675204554518,306.867745424811,150,1,256.521021577954,133,NA,"EVI","0+",269.675204554518,128,75,177,NA,306.867745424811
"CK","vancouver island and mainland inlets","Homathko (Summer x-x)","HK",71,120,0,6,114,151,0,6,NA,NA,NA,NA,229.013425320953,264.894809715724,67,2,206.511263031213,27,"EVI","HK","0+",229.013425320953,120,71,151,NA,264.894809715724
"CK","vancouver island and mainland inlets","Klinaklini (Summer 5-2)","HK",71,120,2,3,114,151,3,3,NA,NA,NA,NA,196.934193694469,267.276543416232,39,1,168.2739250804,39,NA,"HK","1+",196.934193694469,120,1,365,NA,267.276543416232
"CK","vancouver island and mainland inlets","Southern Mainland-Georgia Strait (Fall x-1)","SC",56,122,0,6,56,139,9,1,NA,NA,NA,NA,219.088890073368,263.518818338611,384,2,215.494752608213,246,"EVI","SC","0+",219.088890073368,122,56,139,NA,263.518818338611
"CK","vancouver island and mainland inlets","Southern Mainland-Southern Fjords (Fall x-1)","SC",56,122,0,6,56,139,0,6,NA,NA,NA,NA,213.452753504896,263.96553777168,438,1,200.314565320587,300,"EVI","SC","0+",213.452753504896,122,56,139,NA,263.96553777168
"CK","vancouver island and mainland inlets","West Vancouver Island-Nootka and Kyuquot (Fall x-1)","WVI",71,120,0,6,108,152,4,4,NA,NA,NA,NA,257.742470492315,294.40991318576,817,1,258.346854660946,367,"HK","WVI","0+",257.742470492315,120,71,152,NA,294.40991318576
"CK","vancouver island and mainland inlets","West Vancouver Island-North (Fall x-1)","WVI",71,120,0,6,75,141,0,6,NA,NA,NA,NA,251.61813162601,286.621638953655,102,1,252.517612757057,76,"HK","WVI","0+",251.61813162601,120,71,141,NA,286.621638953655
"CK","vancouver island and mainland inlets","West Vancouver Island-South (Fall x-1)","WVI",71,120,0,6,71,135,4,3,NA,NA,NA,NA,273.159996014365,308.93769646074,732,1,266.767231809396,534,"HK","WVI","0+",273.159996014365,120,71,135,NA,308.93769646074
"CM","central coast","Bella Coola-Dean Rivers","BCD",NA,NA,NA,NA,72,156,6,2,NA,NA,NA,NA,219.545284386297,268.937674802837,668,1,218.279948116067,483,"","BCD","0+",219.545284386297,156,NA,NA,NA,268.937674802837
"CM","central coast","Bella Coola River-Late","BCD",NA,NA,NA,NA,105,116,2,4,NA,NA,NA,NA,260.293342599643,312.294105337908,10,5,246.990892039748,10,"","BCD","0+",260.293342599643,116,NA,NA,NA,312.294105337908
"CM","central coast","Douglas-Gardner","NC",NA,NA,NA,NA,65,135,26,1,NA,NA,NA,NA,224.918234949671,261.605518934588,2093,1,217.897244685329,1808,"","NC","0+",224.918234949671,135,NA,NA,NA,261.605518934588
"CM","central coast","Hecate Lowlands","HecLow",NA,NA,NA,NA,79,132,24,1,NA,NA,NA,NA,246.922677063413,277.922441724873,3510,1,244.832101834346,2648,"","HecLow","0+",246.922677063413,132,NA,NA,NA,277.922441724873
"CM","central coast","Mussel-Kynoch","NC",NA,NA,NA,NA,65,135,0,6,NA,NA,NA,NA,237.241380587126,278.804316169205,528,1,228.826486761969,400,"","NC","0+",237.241380587126,135,NA,NA,NA,278.804316169205
"CM","central coast","Rivers Inlet","RSI",NA,NA,NA,NA,80,146,0,6,NA,NA,NA,NA,242.050933444295,281.477353568252,331,1,232.393386698653,229,"","BCD","0+",242.050933444295,146,NA,NA,NA,281.477353568252
"CM","central coast","Smith Inlet","RSI",NA,NA,NA,NA,80,146,0,6,NA,NA,NA,NA,251.633627811709,290.495204179347,275,1,241.958115982728,204,"","BCD","0+",251.633627811709,146,NA,NA,NA,290.495204179347
"CM","central coast","Spiller-Fitz-Hugh-Burke","HecLow",NA,NA,NA,NA,103,145,10,2,NA,NA,NA,NA,246.438160314753,287.381373368321,1745,1,242.248901669836,1173,"","HecLow","0+",246.438160314753,145,NA,NA,NA,287.381373368321
"CM","central coast","Wannock","RSI",NA,NA,NA,NA,80,146,0,6,NA,NA,NA,NA,284.040322882448,329.298163879195,34,2,267.778923793182,24,"","BCD","0+",284.040322882448,146,NA,NA,NA,329.298163879195
"CM","fraser","Lower Fraser","LFR",NA,NA,NA,NA,69,169,91,1,269,326,44,1,291.617104879695,343.579024867866,1724,1,289.955094803108,1493,"","LFR","0+",291.617104879695,169,NA,NA,269,343.579024867866
"CM","haida gwaii","East Haida Gwaii","HG",NA,NA,NA,NA,84,151,5,2,NA,NA,NA,NA,269.392721977891,297.842826866965,2954,1,265.392613597105,2031,"","HG","0+",269.392721977891,151,NA,NA,NA,297.842826866965
"CM","haida gwaii","North Haida Gwaii","HG",NA,NA,NA,NA,84,151,0,6,NA,NA,NA,NA,275.782426666059,299.941589114519,258,1,269.117431773733,186,"","HG","0+",275.782426666059,151,NA,NA,NA,299.941589114519
"CM","haida gwaii","North Haida Gwaii-Stanley Creek","HG",NA,NA,NA,NA,84,151,0,6,NA,NA,NA,NA,240.334150096269,269.950095367814,36,1,231.387544058472,29,"","HG","0+",240.334150096269,151,NA,NA,NA,269.950095367814
"CM","haida gwaii","Skidegate","HG",NA,NA,NA,NA,84,151,0,6,NA,NA,NA,NA,258.700276955865,295.905135887214,1210,1,254.921440837463,955,"","HG","0+",258.700276955865,151,NA,NA,NA,295.905135887214
"CM","haida gwaii","West Haida Gwaii","HG",NA,NA,NA,NA,84,151,0,6,NA,NA,NA,NA,260.993765235324,290.578754526942,1647,1,256.110424377641,1132,"","HG","0+",260.993765235324,151,NA,NA,NA,290.578754526942
"CM","nass","Lower Nass","LNR-P",NA,NA,NA,NA,89,138,0,6,202,259,23,1,242.359795720165,272.77540179329,164,1,237.120058797938,132,"","HecLow","0+",242.359795720165,138,NA,NA,202,272.77540179329
"CM","nass","Portland Canal-Observatory","LNR-P",NA,NA,NA,NA,89,138,0,6,NA,NA,NA,NA,216.503091227792,254.442447217081,361,1,208.933613165952,239,"","HecLow","0+",216.503091227792,138,NA,NA,NA,254.442447217081
"CM","nass","Portland Inlet","LNR-P",NA,NA,NA,NA,89,138,0,6,NA,NA,NA,NA,224.592301558006,260.712341476784,284,1,218.193568887193,212,"","HecLow","0+",224.592301558006,138,NA,NA,NA,260.712341476784
"CM","skeena","Lower Skeena","LSK",NA,NA,NA,NA,89,138,0,6,209,258,1,5,234.715756206655,265.538256790914,510,1,226.169685667648,407,"","HecLow","0+",234.715756206655,138,NA,NA,209,265.538256790914
"CM","skeena","Middle Skeena","MSK",NA,NA,NA,NA,89,138,0,6,209,258,1,5,233.766475085323,261.24218888384,114,1,225.404782047151,99,"","HecLow","0+",233.766475085323,138,NA,NA,209,261.24218888384
"CM","skeena","Skeena Estuary","HecLow",NA,NA,NA,NA,89,138,0,6,209,258,1,5,245.682367952044,272.998081387112,107,1,244.953022810438,56,"","HecLow","0+",245.682367952044,138,NA,NA,209,272.998081387112
"CM","skeena","Upper Skeena","USK",NA,NA,NA,NA,89,138,0,6,209,258,1,5,234.1327088,270.497609,0,6,232.1813352,0,"","HecLow","0+",234.1327088,138,NA,NA,209,270.497609
"CM","transboundary","Lower Stikine","LStk",NA,NA,NA,NA,119,173,0,6,NA,NA,NA,NA,NA,NA,0,6,NA,0,"","Taku","0+",NA,173,NA,NA,NA,NA
"CM","transboundary","Lynn Canal","Lynn",NA,NA,NA,NA,119,173,0,6,NA,NA,NA,NA,NA,NA,0,6,NA,0,"","Taku","0+",NA,173,NA,NA,NA,NA
"CM","transboundary","Taku","Taku",NA,NA,NA,NA,119,173,2,4,NA,NA,NA,NA,NA,NA,0,6,NA,0,"","Taku","0+",NA,173,NA,NA,NA,NA
"CM","transboundary","Unuk","UNUK",NA,NA,NA,NA,119,173,0,6,NA,NA,NA,NA,NA,NA,0,6,NA,0,"","Taku","0+",NA,173,NA,NA,NA,NA
"CM","transboundary","Whiting","Whiting",NA,NA,NA,NA,119,173,0,6,NA,NA,NA,NA,NA,NA,0,6,NA,0,"","Taku","0+",NA,173,NA,NA,NA,NA
"CM","vancouver island and mainland inlets","Bute Inlet","SC",NA,NA,NA,NA,68,166,0,6,NA,NA,NA,NA,270.82003989305,321.533173203053,196,1,257.246725853273,108,"","SC","0+",270.82003989305,166,NA,NA,NA,321.533173203053
"CM","vancouver island and mainland inlets","Georgia Strait","SC",NA,NA,NA,NA,73,156,17,1,NA,NA,NA,NA,292.495658097589,337.343414699181,3458,1,290.287552536376,2479,"","SC","0+",292.495658097589,156,NA,NA,NA,337.343414699181
"CM","vancouver island and mainland inlets","Howe Sound-Burrard Inlet","SC",NA,NA,NA,NA,64,191,19,1,NA,NA,NA,NA,300.21553468916,343.359386025336,812,1,290.765745359342,558,"","SC","0+",300.21553468916,191,NA,NA,NA,343.359386025336
"CM","vancouver island and mainland inlets","Loughborough","SC",NA,NA,NA,NA,79,145,2,4,NA,NA,NA,NA,282.905944237995,318.816786834852,977,1,275.520757243581,623,"","SC","0+",282.905944237995,145,NA,NA,NA,318.816786834852
"CM","vancouver island and mainland inlets","Northeast Vancouver Island","EVI",NA,NA,NA,NA,68,166,0,6,NA,NA,NA,NA,277.33656527694,315.075651300616,475,1,275.629799001479,381,"","SC","0+",277.33656527694,166,NA,NA,NA,315.075651300616
"CM","vancouver island and mainland inlets","Northwest Vancouver Island","WVI",NA,NA,NA,NA,58,145,0,6,NA,NA,NA,NA,281.032136370061,305.318822314059,1303,1,275.977877930849,775,"","WVI","0+",281.032136370061,145,NA,NA,NA,305.318822314059
"CM","vancouver island and mainland inlets","Southern Coastal Streams","SC",NA,NA,NA,NA,68,166,0,6,NA,NA,NA,NA,255.36418956473,299.001752190299,1091,1,251.937585344643,1079,"","SC","0+",255.36418956473,166,NA,NA,NA,299.001752190299
"CM","vancouver island and mainland inlets","Southwest & West Vancouver Island","WVI",NA,NA,NA,NA,58,145,12,1,NA,NA,NA,NA,283.645135647027,320.215781669309,4157,1,278.169815260009,2305,"","WVI","0+",283.645135647027,145,NA,NA,NA,320.215781669309
"CM","vancouver island and mainland inlets","Upper Knight","SC",NA,NA,NA,NA,63,145,3,3,NA,NA,NA,NA,250.737594649675,298.222243499422,155,1,242.859877131522,130,"","SC","0+",250.737594649675,145,NA,NA,NA,298.222243499422
"CO","central coast","Bella Coola-Dean Rivers","BCD",100,196,4,4,100,158,0,6,NA,NA,NA,NA,283.65097015471,337.835276613204,397,1,260.860759105774,184,NA,"HecLow","1+",283.65097015471,196,1,365,NA,337.835276613204
"CO","central coast","Brim-Wahoo","NC",125,195,0,6,71,141,0,6,NA,NA,NA,NA,263.2940447,313.9074395,0,6,248.3839824,0,"NC","NC","1+",263.2940447,195,1,365,NA,313.9074395
"CO","central coast","Douglas Channel-Kitimat Arm","NC",140,201,2,4,71,133,25,1,NA,NA,NA,NA,270.25786968925,318.82525838347,480,1,246.645767526407,446,NA,"NC","1+",270.25786968925,201,1,365,NA,318.82525838347
"CO","central coast","Hecate Strait Mainland","HecLow",84,172,45,1,100,158,85,1,NA,NA,NA,NA,250.807845382098,292.65594098956,3000,1,243.598772768517,2577,NA,"HecLow","1+",250.807845382098,172,1,365,NA,292.65594098956
"CO","central coast","Mussel-Kynoch","NC",125,195,0,6,71,141,0,6,NA,NA,NA,NA,251.161812574198,289.14218445936,140,1,238.423060860708,187,"NC","NC","1+",251.161812574198,195,1,365,NA,289.14218445936
"CO","central coast","Northern Coastal Streams","NC",110,189,4,4,70,171,4,4,NA,NA,NA,NA,260.698466082685,307.178410510539,1310,1,238.952704016744,1300,NA,"NC","1+",260.698466082685,189,1,365,NA,307.178410510539
"CO","central coast","Rivers Inlet","RSI",100,196,0,6,100,158,0,6,NA,NA,NA,NA,267.521817414597,326.710668361628,344,1,253.439511514724,307,"BCD","HecLow","1+",267.521817414597,196,1,365,NA,326.710668361628
"CO","central coast","Smith Inlet","RSI",100,196,0,6,100,158,0,6,NA,NA,NA,NA,267.681216886065,316.456508410256,132,1,256.765393428979,92,"BCD","HecLow","1+",267.681216886065,196,1,365,NA,316.456508410256
"CO","fraser","Boundary Bay","BB",71,176,0,6,121,153,1,4,260,297,2,6,279.496431809713,354.625359599608,1,3,296.856882302714,4,"LFR","BB","1+",279.496431809713,176,1,365,260,354.625359599608
"CO","fraser","Fraser Canyon","FRCany",115,196,0,6,109,171,0,6,251,287,2,2,306.777805928524,353.009830774565,94,1,296.976157949167,87,"MFR","MFR","1+",306.777805928524,196,1,365,251,353.009830774565
"CO","fraser","Interior Fraser","MFR",115,196,4,4,109,171,3,3,251,287,2,2,299.682047378794,346.632101903478,115,1,286.310151097015,92,NA,"MFR","1+",299.682047378794,196,1,365,251,346.632101903478
"CO","fraser","Lillooet","FRCany",115,196,0,6,109,171,0,6,251,287,2,2,300.190006931336,343.488895588356,378,2,289.435872102399,234,"MFR","MFR","1+",300.190006931336,196,1,365,251,343.488895588356
"CO","fraser","Lower Fraser","LFR",71,176,13,1,98,182,87,1,260,297,2,2,301.236991698618,362.179665957007,1838,1,301.601237924387,1451,NA,"LFR","1+",301.236991698618,176,1,365,260,362.179665957007
"CO","fraser","Lower Thompson","LTh",110,181,4,4,104,187,6,2,251,287,2,2,298.62399515633,340.298492336671,56,1,273.529183633556,57,NA,"LTh","1+",298.62399515633,181,1,365,251,340.298492336671
"CO","fraser","North Thompson","NTh",93,191,7,2,104,187,0,6,251,287,2,2,303.878460859374,335.359517766423,974,1,289.591288473841,690,NA,"LTh","1+",303.878460859374,191,1,365,251,335.359517766423
"CO","fraser","South Thompson","STh",95,175,4,4,104,187,0,6,251,287,2,2,299.697963590359,335.08352986733,576,1,282.498175191539,478,NA,"LTh","1+",299.697963590359,175,1,365,251,335.08352986733
"CO","haida gwaii","East Haida Gwaii","HG",96,164,5,2,120,155,24,1,NA,NA,NA,NA,275.981182671404,310.053879331043,1977,1,269.226667241395,1513,NA,"HG","1+",275.981182671404,164,1,365,NA,310.053879331043
"CO","haida gwaii","Haida Gwaii-Graham Island Lowlands","HG",96,164,0,6,120,155,0,6,NA,NA,NA,NA,268.024754383515,310.552931838008,680,1,250.238617978358,497,"HG","HG","1+",268.024754383515,164,1,365,NA,310.552931838008
"CO","haida gwaii","West Haida Gwaii","HG",96,164,0,6,120,155,0,6,NA,NA,NA,NA,275.384623851222,307.528239978125,504,1,266.239696108084,538,"HG","HG","1+",275.384623851222,164,1,365,NA,307.528239978125
"CO","nass","Lower Nass","LNR-P",84,172,0,6,123,167,22,1,NA,NA,NA,NA,274.30066534381,321.085211893304,370,1,258.224991307422,313,"HecLow","LNR-P","1+",274.30066534381,172,1,365,NA,321.085211893304
"CO","nass","Portland Sound-Observatory Inlet-Portland Canal","LNR-P",84,172,0,6,118,149,7,2,NA,NA,NA,NA,268.588572796222,313.227701932692,262,1,246.341551274119,312,"HecLow","LNR-P","1+",268.588572796222,172,1,365,NA,313.227701932692
"CO","nass","Upper Nass","UNR",NA,NA,NA,NA,143,186,0,6,210,254,23,1,264.680085860031,312.847671291875,168,1,248.400762050665,171,"LSK","MSK","1+",264.680085860031,NA,1,365,210,312.847671291875
"CO","skeena","Lower Skeena","LSK",84,172,0,6,126,153,2,4,233,282,1,5,287.922894578382,331.770338368659,1301,1,274.360702349661,1067,"HecLow","LSK","1+",287.922894578382,172,1,365,233,331.770338368659
"CO","skeena","Middle Skeena","MSK",142,206,2,4,143,186,31,1,200,249,1,5,276.953020605714,312.227981308866,1127,1,265.10482872852,853,NA,"MSK","1+",276.953020605714,206,1,365,200,312.227981308866
"CO","skeena","Skeena Estuary","HecLow",84,172,0,6,100,158,0,6,200,249,1,5,272.596219637226,312.260518561033,206,1,260.202008024679,208,"HecLow","HecLow","1+",272.596219637226,172,1,365,200,312.260518561033
"CO","skeena","Upper Skeena","USK",92,177,2,4,111,191,5,1,200,249,1,5,271.308129952317,301.463842954222,118,1,251.606752959386,90,NA,"USK","1+",271.308129952317,177,1,365,200,301.463842954222
"CO","transboundary","Alsek","Alsek",120,169,0,6,119,212,0,6,272,290,10,1,NA,NA,0,6,183.1208137,0,"Taku","Taku","1+",NA,169,1,365,272,NA
"CO","transboundary","Lower Stikine","LStk",120,169,0,6,110,150,20,1,NA,NA,NA,NA,NA,NA,0,6,183.1208137,0,"Taku","LStk","1+",NA,169,1,365,NA,NA
"CO","transboundary","Lynn Canal","Lynn",120,169,0,6,119,212,0,6,NA,NA,NA,NA,NA,NA,0,6,183.1208137,0,"Taku","Taku","1+",NA,169,1,365,NA,NA
"CO","transboundary","Taku-Early Timing","Taku",120,169,1,4,119,212,3,4,NA,NA,NA,NA,NA,NA,0,6,183.1208137,0,NA,"Taku","1+",NA,169,1,365,NA,NA
"CO","transboundary","Taku-Late Timing","Taku",120,169,1,4,119,212,3,4,NA,NA,NA,NA,NA,NA,0,6,183.1208137,0,NA,"Taku","1+",NA,169,1,365,NA,NA
"CO","transboundary","Taku-Mid Timing","Taku",120,169,1,4,119,212,3,4,NA,NA,NA,NA,NA,NA,0,6,183.1208137,0,NA,"Taku","1+",NA,169,1,365,NA,NA
"CO","transboundary","Unuk","UNUK",120,169,0,6,119,212,0,6,NA,NA,NA,NA,NA,NA,0,6,183.1208137,0,"Taku","Taku","1+",NA,169,1,365,NA,NA
"CO","transboundary","Whiting","Whiting",120,169,0,6,119,212,0,6,NA,NA,NA,NA,NA,NA,0,6,183.1208137,0,"Taku","Taku","1+",NA,169,1,365,NA,NA
"CO","vancouver island and mainland inlets","Clayoquot","WVI",79,155,1,3,94,152,6,1,NA,NA,NA,NA,285.235073072112,339.023598917732,441,1,275.810448555342,396,NA,"WVI","1+",285.235073072112,155,1,365,NA,339.023598917732
"CO","vancouver island and mainland inlets","East Vancouver Island-Georgia Strait","EVI",82,196,13,2,86,172,183,1,NA,NA,NA,NA,298.603541921299,348.854984008725,2658,1,293.711175173708,2066,NA,"EVI","1+",298.603541921299,196,1,365,NA,348.854984008725
"CO","vancouver island and mainland inlets","East Vancouver Island-Johnstone Strait-Southern Fjords","EVI",82,196,0,6,112,163,1,4,NA,NA,NA,NA,261.143223563909,318.801873744004,299,1,248.339226915083,229,"EVI","EVI","1+",261.143223563909,196,1,365,NA,318.801873744004
"CO","vancouver island and mainland inlets","Georgia Strait Mainland","SC",80,195,0,6,113,160,26,1,NA,NA,NA,NA,278.525581883088,334.664146348871,801,1,275.969039169658,503,"SC","SC","1+",278.525581883088,195,1,365,NA,334.664146348871
"CO","vancouver island and mainland inlets","Homathko-Klinaklini Rivers","HK",103,151,4,3,63,149,3,3,NA,NA,NA,NA,252.523837426032,313.931876582709,112,1,228.673008250142,86,NA,"HK","1+",252.523837426032,151,1,365,NA,313.931876582709
"CO","vancouver island and mainland inlets","Howe Sound-Burrard Inlet","SC",75,196,16,1,99,172,32,1,NA,NA,NA,NA,272.469528512026,341.543129334031,743,1,282.234054460013,542,NA,"SC","1+",272.469528512026,196,1,365,NA,341.543129334031
"CO","vancouver island and mainland inlets","Juan de Fuca-Pachena","WVI",73,116,18,1,77,149,37,1,NA,NA,NA,NA,290.848079537732,334.314125882012,497,1,281.788409798457,289,NA,"WVI","1+",290.848079537732,116,1,365,NA,334.314125882012
"CO","vancouver island and mainland inlets","Nahwitti Lowland","WVI",87,139,0,6,114,165,48,1,NA,NA,NA,NA,269.69982226504,311.342464683488,982,1,264.232849274194,698,"WVI","WVI","1+",269.69982226504,139,1,365,NA,311.342464683488
"CO","vancouver island and mainland inlets","Southern Coastal Streams-Queen Charlotte Strait-Johnstone Strait-Southern Fjords","SC",100,189,4,4,106,164,7,1,NA,NA,NA,NA,262.595031681501,312.768144977781,2110,1,247.994816012094,1895,NA,"SC","1+",262.595031681501,189,1,365,NA,312.768144977781
"CO","vancouver island and mainland inlets","West Vancouver Island","WVI",110,159,5,2,105,181,41,1,NA,NA,NA,NA,279.60448665122,337.174386726604,2146,1,276.251856376898,1034,NA,"WVI","1+",279.60448665122,159,1,365,NA,337.174386726604
"PKE","central coast","Hecate Lowlands (even)","HecLow",NA,NA,NA,NA,96,132,18,1,NA,NA,NA,NA,243.968357781647,274.343510211471,2326,1,240.373192921663,1795,"","HecLow","0+",243.968357781647,132,NA,NA,NA,274.343510211471
"PKE","central coast","Hecate Strait-Fjords (even)","NC",NA,NA,NA,NA,69,155,17,1,NA,NA,NA,NA,232.394703335896,267.656016999694,2445,1,223.081494549722,2001,"","NC","0+",232.394703335896,155,NA,NA,NA,267.656016999694
"PKE","haida gwaii","East Haida Gwaii (even)","HG",NA,NA,NA,NA,106,131,1,4,NA,NA,NA,NA,251.139299638776,280.668439895066,1066,1,242.484927281307,798,"","HG","0+",251.139299638776,131,NA,NA,NA,280.668439895066
"PKE","haida gwaii","North Haida Gwaii (even)","HG",NA,NA,NA,NA,104,149,1,4,NA,NA,NA,NA,240.46013065109,267.89689991302,321,1,233.360916191398,237,"","HG","0+",240.46013065109,149,NA,NA,NA,267.89689991302
"PKE","haida gwaii","West Haida Gwaii (even)","HG",NA,NA,NA,NA,105,140,0,6,NA,NA,NA,NA,247.433380162547,275.789401549777,571,1,240.744049824418,469,"","HG","0+",247.433380162547,140,NA,NA,NA,275.789401549777
"PKE","nass","Upper Nass (even)","UNR",NA,NA,NA,NA,NA,NA,0,6,205,251,11,1,231.8347933,262.0462438,0,6,228.6621369,0,"","MSK","0+",231.8347933,NA,NA,NA,205,262.0462438
"PKE","skeena","Lower Skeena (even)","LSK",NA,NA,NA,NA,96,132,0,6,NA,NA,NA,NA,232.2190817,265.7928065,0,6,225.7923298,0,"","HecLow","0+",232.2190817,132,NA,NA,NA,265.7928065
"PKE","skeena","Middle-Upper Skeena (even)","MSK",NA,NA,NA,NA,120,165,1,5,200,249,1,5,232.254977301105,257.668981047895,255,1,220.333632197919,189,"","MSK","0+",232.254977301105,165,NA,NA,200,257.668981047895
"PKE","skeena","Nass-Skeena Estuary (even)","LNR-P",NA,NA,NA,NA,96,132,0,6,200,249,1,5,233.613268585901,263.687777622103,1680,1,225.437512610101,1368,"","HecLow","0+",233.613268585901,132,NA,NA,200,263.687777622103
"PKE","transboundary","Transboundary Fjords (even)","Taku",NA,NA,NA,NA,105,140,0,6,NA,NA,NA,NA,NA,NA,0,6,NA,0,"","HG","0+",NA,140,NA,NA,NA,NA
"PKE","vancouver island and mainland inlets","Georgia Strait (even)","SC",NA,NA,NA,NA,72,105,1,4,NA,NA,NA,NA,253.290045559929,283.583226480244,357,1,241.878617197669,227,"","SC","0+",253.290045559929,105,NA,NA,NA,283.583226480244
"PKE","vancouver island and mainland inlets","Northwest Vancouver Island (even)","WVI",NA,NA,NA,NA,98,118,0,6,NA,NA,NA,NA,247.733459993165,270.971681558081,142,2,243.858810349838,82,"","WVI","0+",247.733459993165,118,NA,NA,NA,270.971681558081
"PKE","vancouver island and mainland inlets","Southern Fjords (even)","SC",NA,NA,NA,NA,62,106,2,3,NA,NA,NA,NA,242.811949886518,283.236285037126,1194,1,229.425562156719,953,"","SC","0+",242.811949886518,106,NA,NA,NA,283.236285037126
"PKE","vancouver island and mainland inlets","West Vancouver Island (even)","WVI",NA,NA,NA,NA,98,118,1,4,NA,NA,NA,NA,250.28334491099,283.416465786849,553,1,243.8939075411,161,"","WVI","0+",250.28334491099,118,NA,NA,NA,283.416465786849
"PKO","central coast","Hecate Strait-Fjords (odd)","NC",NA,NA,NA,NA,75,151,13,1,NA,NA,NA,NA,231.057985525541,267.056798486714,1962,1,221.240344514565,1646,"","NC","0+",231.057985525541,151,NA,NA,NA,267.056798486714
"PKO","central coast","Hecate Strait-Lowlands (odd)","HecLow",NA,NA,NA,NA,91,138,16,1,NA,NA,NA,NA,243.382357698461,273.368713140804,2217,1,239.767032995373,1726,"","HecLow","0+",243.382357698461,138,NA,NA,NA,273.368713140804
"PKO","central coast","Homathko-Klinaklini-Smith-Rivers-Bella Coola-Dean (odd)","RSI",NA,NA,NA,NA,91,138,0,6,NA,NA,NA,NA,232.494245762077,270.967642634413,575,1,223.232013165915,481,"","HecLow","0+",232.494245762077,138,NA,NA,NA,270.967642634413
"PKO","fraser","Fraser River (odd)","LFR",NA,NA,NA,NA,76,160,57,1,232,268,8,1,271.637785895882,302.987894468558,418,2,266.828216450888,326,"","LFR","0+",271.637785895882,160,NA,NA,232,302.987894468558
"PKO","haida gwaii","East Haida Gwaii (odd)","HG",NA,NA,NA,NA,73,124,4,4,NA,NA,NA,NA,248.584883711133,275.827728277057,359,1,237.323423769132,283,"","HG","0+",248.584883711133,124,NA,NA,NA,275.827728277057
"PKO","haida gwaii","North Haida Gwaii (odd)","HG",NA,NA,NA,NA,73,124,0,6,NA,NA,NA,NA,237.768479754817,266.300620554133,113,2,229.250854997427,86,"","HG","0+",237.768479754817,124,NA,NA,NA,266.300620554133
"PKO","haida gwaii","West Haida Gwaii (odd)","HG",NA,NA,NA,NA,73,124,0,6,NA,NA,NA,NA,243.865771040079,271.667160753905,65,1,244.568207062319,65,"","HG","0+",243.865771040079,124,NA,NA,NA,271.667160753905
"PKO","nass","Nass-Portland-Observatory (odd)","LNR-P",NA,NA,NA,NA,91,138,0,6,NA,NA,NA,NA,225.763853811059,257.186905445325,652,1,217.736686861493,539,"","HecLow","0+",225.763853811059,138,NA,NA,NA,257.186905445325
"PKO","nass","Upper Nass (odd)","UNR",NA,NA,NA,NA,92,145,0,6,200,254,12,1,231.8347933,262.0462438,0,6,228.6621369,0,"","MSK","0+",231.8347933,145,NA,NA,200,262.0462438
"PKO","skeena","Lower Skeena River (odd)","LSK",NA,NA,NA,NA,91,138,0,6,200,249,1,5,233.734245918262,262.720214254516,472,1,225.790403720263,365,"","HecLow","0+",233.734245918262,138,NA,NA,200,262.720214254516
"PKO","skeena","Middle-Upper Skeena (odd)","MSK",NA,NA,NA,NA,92,145,3,4,200,249,1,5,232.553027664755,260.596470814003,306,1,222.988960631658,226,"","MSK","0+",232.553027664755,145,NA,NA,200,260.596470814003
"PKO","skeena","Nass-Skeena Estuary (odd)","HecLow",NA,NA,NA,NA,91,138,0,6,200,249,1,5,242.137599850241,271.115537697624,527,1,234.424362376339,398,"","HecLow","0+",242.137599850241,138,NA,NA,200,271.115537697624
"PKO","transboundary","Transboundary Fjords (odd)","Taku",NA,NA,NA,NA,73,124,0,6,NA,NA,NA,NA,NA,NA,0,6,NA,0,"","HG","0+",NA,124,NA,NA,NA,NA
"PKO","vancouver island and mainland inlets","East Howe Sound-Burrard Inlet (odd)","SC",NA,NA,NA,NA,66,124,0,6,NA,NA,NA,NA,239.883918575603,283.988922949693,127,2,226.950691572404,59,"","SC","0+",239.883918575603,124,NA,NA,NA,283.988922949693
"PKO","vancouver island and mainland inlets","East Vancouver Island-Johnstone Strait (odd)","EVI",NA,NA,NA,NA,66,124,0,6,NA,NA,NA,NA,234.928127048808,278.134717025668,135,1,219.987593902132,109,"","SC","0+",234.928127048808,124,NA,NA,NA,278.134717025668
"PKO","vancouver island and mainland inlets","Georgia Strait (odd)","SC",NA,NA,NA,NA,66,122,6,1,NA,NA,NA,NA,246.343197907163,281.239447047381,556,1,239.613575324441,378,"","SC","0+",246.343197907163,122,NA,NA,NA,281.239447047381
"PKO","vancouver island and mainland inlets","Nahwitti (odd)","WVI",NA,NA,NA,NA,91,138,0,6,NA,NA,NA,NA,242.49547533414,279.892930340883,159,1,234.929626942984,142,"","HecLow","0+",242.49547533414,138,NA,NA,NA,279.892930340883
"PKO","vancouver island and mainland inlets","Southern Fjords (odd)","SC",NA,NA,NA,NA,66,130,2,4,NA,NA,NA,NA,241.9596265865,279.161528437166,559,1,229.538180194923,421,"","SC","0+",241.9596265865,130,NA,NA,NA,279.161528437166
"PKO","vancouver island and mainland inlets","West Vancouver Island (odd)","WVI",NA,NA,NA,NA,91,138,0,6,NA,NA,NA,NA,252.228975565695,283.192229834324,108,1,258.783689191447,112,"","HecLow","0+",252.228975565695,138,NA,NA,NA,283.192229834324
"SEL","central coast","Backland","NC",118,158,0,6,108,149,0,6,NA,NA,NA,NA,229.14170312588,275.373432422499,30,1,196.480393885617,25,"HecLow","HecLow","1+",229.14170312588,158,1,365,NA,275.373432422499
"SEL","central coast","Banks","HecLow",118,158,0,6,108,149,0,6,NA,NA,NA,NA,225.048065209877,262.35592303057,30,1,177.844725979665,18,"HecLow","HecLow","1+",225.048065209877,158,1,365,NA,262.35592303057
"SEL","central coast","Bloomfield","HecLow",118,158,0,6,108,149,0,6,NA,NA,NA,NA,231.582977660594,261.068310956831,46,1,210.812266861442,38,"HecLow","HecLow","1+",231.582977660594,158,1,365,NA,261.068310956831
"SEL","central coast","Bolton Creek","HecLow",118,158,0,6,108,149,0,6,NA,NA,NA,NA,209.974258651601,251.063942563856,11,2,174.889087059909,7,"HecLow","HecLow","1+",209.974258651601,158,1,365,NA,251.063942563856
"SEL","central coast","Bonilla","HecLow",118,158,0,6,108,149,0,6,NA,NA,NA,NA,228.052024767993,266.084822041684,42,1,176.011261997714,19,"HecLow","HecLow","1+",228.052024767993,158,1,365,NA,266.084822041684
"SEL","central coast","Borrowman Creek","HecLow",118,158,0,6,108,149,0,6,NA,NA,NA,NA,230.972550709905,266.037341570235,25,1,207.66877963094,29,"HecLow","HecLow","1+",230.972550709905,158,1,365,NA,266.037341570235
"SEL","central coast","Busey Creek","HecLow",118,158,0,6,108,149,0,6,NA,NA,NA,NA,170.231548361199,207.981785452485,9,2,197.738073252354,0,"HecLow","HecLow","1+",170.231548361199,158,1,365,NA,207.981785452485
"SEL","central coast","Canoona","NC",118,158,0,6,108,149,0,6,NA,NA,NA,NA,256.214564502924,287.15601893484,36,1,188.024680394263,44,"HecLow","HecLow","1+",256.214564502924,158,1,365,NA,287.15601893484
"SEL","central coast","Cartwright Creek","HecLow",118,158,0,6,108,149,0,6,NA,NA,NA,NA,192.251757319496,234.253485637169,3,4,197.742952634288,0,"HecLow","HecLow","1+",192.251757319496,158,1,365,NA,234.253485637169
"SEL","central coast","Chic Chic","HecLow",118,158,0,6,108,149,0,6,NA,NA,NA,NA,225.1676333,257.0414345,0,6,197.7413495,0,"HecLow","HecLow","1+",225.1676333,158,1,365,NA,257.0414345
"SEL","central coast","Citeyats","HecLow",118,158,0,6,108,149,0,6,NA,NA,NA,NA,203.681875769964,253.807564937613,24,2,212.122453269007,7,"HecLow","HecLow","1+",203.681875769964,158,1,365,NA,253.807564937613
"SEL","central coast","Curtis Inlet","HecLow",118,158,0,6,108,149,0,6,NA,NA,NA,NA,210.718113561714,248.28469499301,48,1,185.408611342798,26,"HecLow","HecLow","1+",210.718113561714,158,1,365,NA,248.28469499301
"SEL","central coast","Dallain Creek","HecLow",118,158,0,6,108,149,0,6,NA,NA,NA,NA,176.243461726417,211.012868430517,5,1,207.301326865786,3,"HecLow","HecLow","1+",176.243461726417,158,1,365,NA,211.012868430517
"SEL","central coast","Deer","HecLow",118,158,0,6,108,149,0,6,NA,NA,NA,NA,217.258931667519,261.05347444725,29,1,215.023650297543,14,"HecLow","HecLow","1+",217.258931667519,158,1,365,NA,261.05347444725
"SEL","central coast","Devon","HecLow",118,158,0,6,108,149,0,6,NA,NA,NA,NA,218.548796803957,266.66426640955,52,1,180.66081535388,29,"HecLow","HecLow","1+",218.548796803957,158,1,365,NA,266.66426640955
"SEL","central coast","Dome","NC",118,158,0,6,108,149,0,6,NA,NA,NA,NA,225.1676333,257.0414345,0,6,197.7413495,0,"HecLow","HecLow","1+",225.1676333,158,1,365,NA,257.0414345
"SEL","central coast","Douglas Creek","HecLow",118,158,0,6,108,149,0,6,NA,NA,NA,NA,204.508344054519,246.823141808839,9,2,196.008481852179,2,"HecLow","HecLow","1+",204.508344054519,158,1,365,NA,246.823141808839
"SEL","central coast","Elizabeth","HecLow",118,158,0,6,108,149,0,6,NA,NA,NA,NA,183.99619267973,205.662303307025,3,4,197.731225430441,0,"HecLow","HecLow","1+",183.99619267973,158,1,365,NA,205.662303307025
"SEL","central coast","Elsie/Hoy","HecLow",118,158,0,6,108,149,0,6,NA,NA,NA,NA,232.287202725958,272.599106667465,17,2,214.630721253847,14,"HecLow","HecLow","1+",232.287202725958,158,1,365,NA,272.599106667465
"SEL","central coast","End Hill Creek","HecLow",118,158,0,6,108,149,0,6,NA,NA,NA,NA,212.441482770791,262.147051684407,29,2,171.427494084355,17,"HecLow","HecLow","1+",212.441482770791,158,1,365,NA,262.147051684407
"SEL","central coast","Evelyn","NC",118,158,0,6,108,149,0,6,NA,NA,NA,NA,231.472249180258,275.130971669995,57,1,199.916143041915,48,"HecLow","HecLow","1+",231.472249180258,158,1,365,NA,275.130971669995
"SEL","central coast","Evinrude Inlet","HecLow",118,158,0,6,108,149,0,6,NA,NA,NA,NA,230.543115826125,265.008110425871,15,2,189.209099894173,10,"HecLow","HecLow","1+",230.543115826125,158,1,365,NA,265.008110425871
"SEL","central coast","Fannie Cove","HecLow",118,158,0,6,108,149,0,6,NA,NA,NA,NA,218.362260221827,257.706127906998,32,1,191.353142900799,20,"HecLow","HecLow","1+",218.362260221827,158,1,365,NA,257.706127906998
"SEL","central coast","Freeda","HecLow",118,158,0,6,108,149,0,6,NA,NA,NA,NA,217.493681985874,240.636246808284,20,1,220.776795293167,10,"HecLow","HecLow","1+",217.493681985874,158,1,365,NA,240.636246808284
"SEL","central coast","Hartley Bay","HecLow",118,158,0,6,108,149,0,6,NA,NA,NA,NA,230.416844073584,273.110452762906,55,1,215.922429404228,41,"HecLow","HecLow","1+",230.416844073584,158,1,365,NA,273.110452762906
"SEL","central coast","Hevenor Inlet","HecLow",118,158,0,6,108,149,0,6,NA,NA,NA,NA,211.006794002405,242.721559174743,7,2,175.045335948481,5,"HecLow","HecLow","1+",211.006794002405,158,1,365,NA,242.721559174743
"SEL","central coast","Higgins Lagoon","HecLow",118,158,0,6,108,149,0,6,NA,NA,NA,NA,202.412964502725,249.746703560639,9,2,179.394773555702,3,"HecLow","HecLow","1+",202.412964502725,158,1,365,NA,249.746703560639
"SEL","central coast","Kadjusdis River","HecLow",118,158,0,6,108,149,0,6,NA,NA,NA,NA,231.05462736428,266.301475629256,39,1,184.77869524538,22,"HecLow","HecLow","1+",231.05462736428,158,1,365,NA,266.301475629256
"SEL","central coast","Kainet Creek","NC",118,158,0,6,108,149,0,6,NA,NA,NA,NA,226.703524601286,260.876989152758,40,1,194.705039145572,27,"HecLow","HecLow","1+",226.703524601286,158,1,365,NA,260.876989152758
"SEL","central coast","Kdelmashan Creek","HecLow",118,158,0,6,108,149,0,6,NA,NA,NA,NA,238.210047324087,269.392245321612,22,1,181.453023594717,18,"HecLow","HecLow","1+",238.210047324087,158,1,365,NA,269.392245321612
"SEL","central coast","Keecha","HecLow",118,158,0,6,108,149,0,6,NA,NA,NA,NA,220.450954945172,257.172398115149,38,1,189.147098163474,21,"HecLow","HecLow","1+",220.450954945172,158,1,365,NA,257.172398115149
"SEL","central coast","Kent Inlet Lagoon Creek","HecLow",118,158,0,6,108,149,0,6,NA,NA,NA,NA,259.722695408748,286.087281690661,7,5,202.79535263664,10,"HecLow","HecLow","1+",259.722695408748,158,1,365,NA,286.087281690661
"SEL","central coast","Kenzuwash Creeks","HecLow",118,158,0,6,108,149,0,6,NA,NA,NA,NA,185.616816146134,235.99253029803,8,2,165.441398214117,3,"HecLow","HecLow","1+",185.616816146134,158,1,365,NA,235.99253029803
"SEL","central coast","Keswar Creek","HecLow",118,158,0,6,108,149,0,6,NA,NA,NA,NA,206.002740041686,243.581913598365,19,2,170.327277053636,10,"HecLow","HecLow","1+",206.002740041686,158,1,365,NA,243.581913598365
"SEL","central coast","Kildidt Creek","HecLow",118,158,0,6,108,149,0,6,NA,NA,NA,NA,201.508319928161,237.257822092283,3,4,204.466746688296,2,"HecLow","HecLow","1+",201.508319928161,158,1,365,NA,237.257822092283
"SEL","central coast","Kildidt Lagoon Creek","HecLow",118,158,0,6,108,149,0,6,NA,NA,NA,NA,262.878447989727,292.877005016878,1,4,191.066111989196,1,"HecLow","HecLow","1+",262.878447989727,158,1,365,NA,292.877005016878
"SEL","central coast","Kimsquit","NC",118,158,0,6,108,149,0,6,NA,NA,NA,NA,239.378643433789,294.090283620445,38,2,187.855814185299,27,"HecLow","HecLow","1+",239.378643433789,158,1,365,NA,294.090283620445
"SEL","central coast","Kisameet","HecLow",118,158,0,6,108,149,0,6,NA,NA,NA,NA,247.571790989251,277.956599280945,25,1,191.270515383162,15,"HecLow","HecLow","1+",247.571790989251,158,1,365,NA,277.956599280945
"SEL","central coast","Kitkiata","NC",118,158,0,6,108,149,0,6,NA,NA,NA,NA,226.114354440635,275.627560406464,49,1,193.667552393027,39,"HecLow","HecLow","1+",226.114354440635,158,1,365,NA,275.627560406464
"SEL","central coast","Kitlope","NC",118,158,0,6,108,149,0,6,NA,NA,NA,NA,219.864386602638,262.33429228284,58,1,192.348945670088,46,"HecLow","HecLow","1+",219.864386602638,158,1,365,NA,262.33429228284
"SEL","central coast","Koeye","HecLow",118,158,0,6,110,145,8,1,NA,NA,NA,NA,220.613127720835,266.666472996484,44,1,165.733866798469,27,"HecLow","HecLow","1+",220.613127720835,158,1,365,NA,266.666472996484
"SEL","central coast","Kooryet","HecLow",118,158,0,6,108,149,0,6,NA,NA,NA,NA,219.254281773866,253.391030001712,47,1,183.951528601039,28,"HecLow","HecLow","1+",219.254281773866,158,1,365,NA,253.391030001712
"SEL","central coast","Kunsoot River","HecLow",118,158,0,6,108,149,0,6,NA,NA,NA,NA,225.1676333,257.0414345,0,6,197.7413495,0,"HecLow","HecLow","1+",225.1676333,158,1,365,NA,257.0414345
"SEL","central coast","Kwakwa Creek","HecLow",118,158,0,6,108,149,0,6,NA,NA,NA,NA,227.107743269106,255.544406006002,41,1,187.767653025259,34,"HecLow","HecLow","1+",227.107743269106,158,1,365,NA,255.544406006002
"SEL","central coast","Lewis Creek","HecLow",118,158,0,6,108,149,0,6,NA,NA,NA,NA,193.363332951172,243.310788368899,19,2,170.918074943629,9,"HecLow","HecLow","1+",193.363332951172,158,1,365,NA,243.310788368899
"SEL","central coast","Limestone Creek","HecLow",118,158,0,6,108,149,0,6,NA,NA,NA,NA,256.956832545313,286.513571082167,18,1,210.09884775406,24,"HecLow","HecLow","1+",256.956832545313,158,1,365,NA,286.513571082167
"SEL","central coast","Long","RSI",118,158,0,6,131,185,0,6,NA,NA,NA,NA,252.229580589582,293.182025730857,85,1,218.34818984074,54,"HecLow","RSI","1+",252.229580589582,158,1,365,NA,293.182025730857
"SEL","central coast","Lowe/Simpson/Weir","HecLow",118,158,0,6,108,149,0,6,NA,NA,NA,NA,235.031393014659,272.125700201331,46,1,215.156691030385,34,"HecLow","HecLow","1+",235.031393014659,158,1,365,NA,272.125700201331
"SEL","central coast","Mary Cove Creek","HecLow",118,158,0,6,105,146,24,1,NA,NA,NA,NA,231.07174537808,274.817628444498,38,1,196.952667854682,21,"HecLow","HecLow","1+",231.07174537808,158,1,365,NA,274.817628444498
"SEL","central coast","Mcdonald Creek","HecLow",118,158,0,6,108,149,0,6,NA,NA,NA,NA,232.448006216176,263.162508294009,20,2,208.743056740409,16,"HecLow","HecLow","1+",232.448006216176,158,1,365,NA,263.162508294009
"SEL","central coast","Mcloughlin","HecLow",118,158,0,6,108,149,0,6,NA,NA,NA,NA,221.915313901758,265.408719384387,33,2,184.606605658854,20,"HecLow","HecLow","1+",221.915313901758,158,1,365,NA,265.408719384387
"SEL","central coast","Mikado","HecLow",118,158,0,6,108,149,0,6,NA,NA,NA,NA,224.749198904949,267.963734067651,49,1,176.438447897096,29,"HecLow","HecLow","1+",224.749198904949,158,1,365,NA,267.963734067651
"SEL","central coast","Monckton Inlet Creek","HecLow",118,158,0,6,108,149,0,6,NA,NA,NA,NA,208.193331849222,234.340108310759,15,2,216.961422549511,5,"HecLow","HecLow","1+",208.193331849222,158,1,365,NA,234.340108310759
"SEL","central coast","Namu","HecLow",118,158,0,6,108,149,0,6,NA,NA,NA,NA,218.119554071342,267.349438076103,42,1,165.491866262354,22,"HecLow","HecLow","1+",218.119554071342,158,1,365,NA,267.349438076103
"SEL","central coast","Owikeno","RSI",118,158,0,6,131,185,4,3,NA,NA,NA,NA,246.953412307697,291.495963540429,400,1,238.031605078469,256,"HecLow","RSI","1+",246.953412307697,158,1,365,NA,291.495963540429
"SEL","central coast","Pine River","NC",118,158,0,6,108,149,0,6,NA,NA,NA,NA,212.089885596844,246.280856223786,18,2,192.008182019782,7,"HecLow","HecLow","1+",212.089885596844,158,1,365,NA,246.280856223786
"SEL","central coast","Port John","HecLow",105,130,1,4,106,162,13,2,NA,NA,NA,NA,234.649715388884,284.120679837921,40,1,187.141473415836,22,NA,"HecLow","1+",234.649715388884,130,1,365,NA,284.120679837921
"SEL","central coast","Powles Creek","HecLow",118,158,0,6,108,149,0,6,NA,NA,NA,NA,209.261691234655,227.060803201145,8,1,204.643263144865,10,"HecLow","HecLow","1+",209.261691234655,158,1,365,NA,227.060803201145
"SEL","central coast","Price Creek","HecLow",118,158,0,6,108,149,0,6,NA,NA,NA,NA,231.202801557583,258.309340255464,36,1,195.60676963056,33,"HecLow","HecLow","1+",231.202801557583,158,1,365,NA,258.309340255464
"SEL","central coast","Roderick","HecLow",121,165,7,1,110,147,21,1,NA,NA,NA,NA,233.239346002722,263.663175309429,23,1,203.662023371899,12,NA,"HecLow","1+",233.239346002722,165,1,365,NA,263.663175309429
"SEL","central coast","Ryan Creek","HecLow",118,158,0,6,108,149,0,6,NA,NA,NA,NA,216.016512635386,253.76783432931,19,1,197.84560146645,13,"HecLow","HecLow","1+",216.016512635386,158,1,365,NA,253.76783432931
"SEL","central coast","Salter","HecLow",118,158,0,6,108,149,0,6,NA,NA,NA,NA,202.66903492812,246.544511246808,9,2,208.464642549005,3,"HecLow","HecLow","1+",202.66903492812,158,1,365,NA,246.544511246808
"SEL","central coast","Scoular/Kilpatrick","HecLow",118,158,0,6,108,149,0,6,NA,NA,NA,NA,218.651758910578,260.157461037186,32,1,196.027044150844,19,"HecLow","HecLow","1+",218.651758910578,158,1,365,NA,260.157461037186
"SEL","central coast","Sheneeza Inlet","HecLow",118,158,0,6,108,149,0,6,NA,NA,NA,NA,203.234416298691,241.214181196764,27,1,191.204302599036,15,"HecLow","HecLow","1+",203.234416298691,158,1,365,NA,241.214181196764
"SEL","central coast","Ship Point Creek","HecLow",118,158,0,6,108,149,0,6,NA,NA,NA,NA,199.94157213331,243.377614780593,21,2,182.196480896538,11,"HecLow","HecLow","1+",199.94157213331,158,1,365,NA,243.377614780593
"SEL","central coast","Soda Creek","NC",118,158,0,6,108,149,0,6,NA,NA,NA,NA,225.1676333,257.0414345,0,6,197.7413495,0,"HecLow","HecLow","1+",225.1676333,158,1,365,NA,257.0414345
"SEL","central coast","South Atnarko Lakes","RSI",118,158,0,6,131,185,0,6,NA,NA,NA,NA,225.1676333,257.0414345,0,6,197.7413495,0,"HecLow","RSI","1+",225.1676333,158,1,365,NA,257.0414345
"SEL","central coast","Spencer Creek","HecLow",118,158,0,6,108,149,0,6,NA,NA,NA,NA,206.06964898428,240.979684850991,24,1,194.505272823235,6,"HecLow","HecLow","1+",206.06964898428,158,1,365,NA,240.979684850991
"SEL","central coast","Stannard Creek","HecLow",118,158,0,6,108,149,0,6,NA,NA,NA,NA,216.91189591334,249.912378686256,11,2,217.160972005555,5,"HecLow","HecLow","1+",216.91189591334,158,1,365,NA,249.912378686256
"SEL","central coast","Talamoosa Creek","HecLow",118,158,0,6,108,149,0,6,NA,NA,NA,NA,220.5788097489,257.310244405448,20,1,205.127327980907,19,"HecLow","HecLow","1+",220.5788097489,158,1,365,NA,257.310244405448
"SEL","central coast","Tankeeah River","HecLow",118,158,0,6,108,149,0,6,NA,NA,NA,NA,229.701372306665,269.23399580782,41,1,204.351594159173,24,"HecLow","HecLow","1+",229.701372306665,158,1,365,NA,269.23399580782
"SEL","central coast","Treneman Creek","HecLow",118,158,0,6,108,149,0,6,NA,NA,NA,NA,263.775161789777,288.775921888655,2,3,209.794016051397,3,"HecLow","HecLow","1+",263.775161789777,158,1,365,NA,288.775921888655
"SEL","central coast","Tsimtack/Moore/Roger","HecLow",118,158,0,6,108,149,0,6,NA,NA,NA,NA,232.553567557311,277.756920255338,47,1,208.309232345199,32,"HecLow","HecLow","1+",232.553567557311,158,1,365,NA,277.756920255338
"SEL","central coast","Tuno Creek East","HecLow",118,158,0,6,108,149,0,6,NA,NA,NA,NA,234.103505293836,267.04184968212,15,2,199.499002630608,14,"HecLow","HecLow","1+",234.103505293836,158,1,365,NA,267.04184968212
"SEL","central coast","Tuno Creek West","HecLow",118,158,0,6,108,149,0,6,NA,NA,NA,NA,223.272666179886,258.072761863443,18,2,199.855185046404,14,"HecLow","HecLow","1+",223.272666179886,158,1,365,NA,258.072761863443
"SEL","central coast","Tyler Creek","HecLow",118,158,0,6,108,149,0,6,NA,NA,NA,NA,235.009883854697,235.015443102124,2,5,207.798617983915,3,"HecLow","HecLow","1+",235.009883854697,158,1,365,NA,235.015443102124
"SEL","central coast","Wale Creek","HecLow",118,158,0,6,108,149,0,6,NA,NA,NA,NA,228.063114987637,267.355288218045,21,1,204.82153131168,20,"HecLow","HecLow","1+",228.063114987637,158,1,365,NA,267.355288218045
"SEL","central coast","Wannock (Owikeno)","RSI",118,158,0,6,131,185,4,3,NA,NA,NA,NA,256.076276265986,320.483040357048,37,1,216.792437943589,25,"HecLow","RSI","1+",256.076276265986,158,1,365,NA,320.483040357048
"SEL","central coast","Watt Bay","HecLow",118,158,0,6,108,149,0,6,NA,NA,NA,NA,168.498021598419,214.50020811563,1,4,197.744268656228,0,"HecLow","HecLow","1+",168.498021598419,158,1,365,NA,214.50020811563
"SEL","central coast","West Creek","HecLow",118,158,0,6,108,149,0,6,NA,NA,NA,NA,200.21126583645,246.02394914574,12,2,181.539969480002,4,"HecLow","HecLow","1+",200.21126583645,158,1,365,NA,246.02394914574
"SEL","central coast","Yaaklele Lagoon","HecLow",118,158,0,6,108,149,0,6,NA,NA,NA,NA,201.792350237768,239.401792119057,18,2,157.939587806352,10,"HecLow","HecLow","1+",201.792350237768,158,1,365,NA,239.401792119057
"SEL","central coast","Yeo","HecLow",118,158,0,6,108,149,0,6,NA,NA,NA,NA,231.464626074881,255.067890841085,40,1,209.215695279034,18,"HecLow","HecLow","1+",231.464626074881,158,1,365,NA,255.067890841085
"SEL","columbia","Osoyoos","OK",98,124,16,1,148,166,3,4,206.32,237.68,1,5,272.583688331482,318.581799060099,2,5,253.500888245232,2,NA,"OK","1+",272.583688331482,124,1,365,206.32,318.581799060099
"SEL","fraser","Adams-Early Summer","STh",86,148,0,6,127,157,3,3,194,238,0,6,247.9383502,278.1697474,0,6,239.2683957,0,"STh","STh","1+",247.9383502,148,1,365,194,278.1697474
"SEL","fraser","Adams & Momich Lakes-Early Summer","STh",86,148,0,6,127,157,3,3,194,238,0,2,240.465159462882,262.536664791814,112,1,238.211651363617,52,"STh","STh","1+",240.465159462882,148,1,365,194,262.536664791814
"SEL","fraser","Alouette-Early Summer","LFR",108,157,0,6,107,150,19,1,194,238,0,6,247.9383502,278.1697474,0,6,239.2683957,0,"MFR","LFR","1+",247.9383502,157,1,365,194,278.1697474
"SEL","fraser","Anderson-Seton-Early Summer","MFR",93,148,3,3,106,143,18,1,194,238,0,2,225.921291524735,266.921828546686,98,3,225.651036408768,77,NA,"MFR","1+",225.921291524735,148,1,365,194,266.921828546686
"SEL","fraser","Bowron-Early Summer","UFR",108,157,0,6,111,146,0,6,194,238,0,2,229.075771521987,260.077719785522,85,3,217.993412311628,46,"MFR","MFR","1+",229.075771521987,157,1,365,194,260.077719785522
"SEL","fraser","Chilko-Early Summer","MFR",128,160,3,4,115,143,62,1,194,238,0,2,243.934205840866,273.949321457808,18,5,239.273694718234,0,NA,"MFR","1+",243.934205840866,160,1,365,194,273.949321457808
"SEL","fraser","Chilko-Summer","MFR",117,176,5,2,115,143,62,1,208,246,0,2,252.975808472403,283.282287969982,83,5,227.452017497004,60,NA,"MFR","1+",252.975808472403,176,1,365,208,283.282287969982
"SEL","fraser","Chilliwack-Early Summer (cyclic)","LFR",108,157,0,6,104,129,1,3,194,238,0,2,225.665850239332,255.840105428263,49,5,217.801833483729,14,"MFR","LFR","1+",225.665850239332,157,1,365,194,255.840105428263
"SEL","fraser","Coquitlam-Early Summer","LFR",108,157,0,6,124,137,1,3,194,238,0,6,247.9383502,278.1697474,0,6,239.2683957,0,"MFR","LFR","1+",247.9383502,157,1,365,194,278.1697474
"SEL","fraser","Cultus-Late","LFR",108,157,0,6,99,144,55,1,215,257,0,6,312.917117948761,343.221904989143,52,5,265.674753711475,50,"MFR","LFR","1+",312.917117948761,157,1,365,215,343.221904989143
"SEL","fraser","Francois-Fraser-Summer","MFR",113,150,12,1,116,137,3,3,208,246,0,2,257.229962287115,267.229363341008,109,5,237.904865425858,84,NA,"MFR","1+",257.229962287115,150,1,365,208,267.229363341008
"SEL","fraser","Fraser-Early Summer","MFR",108,157,0,6,111,146,0,6,194,238,0,6,247.9383502,278.1697474,0,6,239.2683957,0,"MFR","MFR","1+",247.9383502,157,1,365,194,278.1697474
"SEL","fraser","Harrison-Downstream Migrating-Late","LFR",108,157,0,6,107,142,0,6,217,254,0,2,246.815394340349,282.744836973185,151,1,245.766444229187,86,"MFR","LFR","1+",246.815394340349,157,1,365,217,282.744836973185
"SEL","fraser","Harrison-Upstream Migrating-Late","LFR",108,157,0,6,106,142,1,3,215,257,0,2,265.191706953742,326.193092499037,117,5,277.171880622959,88,"MFR","LFR","1+",265.191706953742,157,1,365,215,326.193092499037
"SEL","fraser","Kamloops-Early Summer","NTh",102,145,2,4,110,128,2,3,216,255,0,2,239.876087819135,265.551332777239,225,1,232.647860040977,112,NA,"NTh","1+",239.876087819135,145,1,365,216,265.551332777239
"SEL","fraser","Kawkawa-Late","FRCany",138,181,0,6,110,142,0,6,215,257,0,6,247.9383502,278.1697474,0,6,239.2683957,0,"MSK","FRCany","1+",247.9383502,181,1,365,215,278.1697474
"SEL","fraser","Lillooet-Harrison-Late","LILL",108,157,0,6,106,142,1,3,217,254,0,2,256.636956065664,293.53058850372,185,1,246.414329740785,100,"MFR","LILL","1+",256.636956065664,157,1,365,217,293.53058850372
"SEL","fraser","Momich-Early Summer","STh",86,148,0,6,118,157,0,6,194,238,0,6,247.9383502,278.1697474,0,6,239.2683957,0,"STh","STh","1+",247.9383502,148,1,365,194,278.1697474
"SEL","fraser","Nadina-Francois-Early Summer","MFR",108,157,0,6,110,142,1,3,194,238,0,2,246.926984761281,277.609902422933,204,5,230.563942845573,142,"MFR","MFR","1+",246.926984761281,157,1,365,194,277.609902422933
"SEL","fraser","Nahatlatch-Early Summer","FRCany",108,157,0,6,110,142,2,3,194,238,0,2,230.451050067425,271.450124607595,54,3,235.192288051501,21,"MFR","FRCany","1+",230.451050067425,157,1,365,194,271.450124607595
"SEL","fraser","North Barriere-Early Summer","NTh",102,145,0,6,110,142,1,3,206,241,0,6,247.9383502,278.1697474,0,6,239.2683957,0,"NTh","NTh","1+",247.9383502,145,1,365,206,278.1697474
"SEL","fraser","North Barriere-Early Summer (de novo)","NTh",102,145,0,6,110,142,1,3,206,241,0,2,228.640667835932,256.59364608013,74,1,226.41327859353,39,"NTh","NTh","1+",228.640667835932,145,1,365,206,256.59364608013
"SEL","fraser","Pitt-Early Summer","LFR",108,157,0,6,107,142,0,6,194,238,0,2,237.203509876324,271.704082888598,135,5,225.248179294075,59,"MFR","LFR","1+",237.203509876324,157,1,365,194,271.704082888598
"SEL","fraser","Quesnel-Summer (cyclic)","MFR",105,165,7,2,106,144,3,3,212,250,0,2,248.057177792052,272.972282988972,550,1,245.56393658409,249,NA,"MFR","1+",248.057177792052,165,1,365,212,272.972282988972
"SEL","fraser","Seton-Late (de novo)","MFR",107,133,1,4,106,151,17,1,217,257,0,2,288.092631618025,312.760267168921,67,3,281.365914530756,33,NA,"MFR","1+",288.092631618025,133,1,365,217,312.760267168921
"SEL","fraser","Seton-Summer","MFR",108,157,0,6,115,143,15,1,208,246,0,6,247.9383502,278.1697474,0,6,239.2683957,0,"MFR","MFR","1+",247.9383502,157,1,365,208,278.1697474
"SEL","fraser","Shuswap-Early Summer (cyclic)","STh",86,148,7,2,123,157,4,3,194,238,0,2,237.254849251868,275.315843958546,390,1,235.246656257257,211,NA,"STh","1+",237.254849251868,148,1,365,194,275.315843958546
"SEL","fraser","Shuswap-Late (cyclic)","STh",86,148,7,2,106,157,6,1,217,254,0,2,275.215410367482,309.464978068427,748,1,275.176264396659,293,NA,"STh","1+",275.215410367482,148,1,365,217,309.464978068427
"SEL","fraser","Takla-Trembleur-Early Stuart (cyclic)","MFR",103,152,47,1,110,159,3,3,179,207,0,2,210.587930815854,231.874644252317,1516,1,209.246696577233,950,NA,"MFR","1+",210.587930815854,152,1,365,179,231.874644252317
"SEL","fraser","Takla-Trembleur-Stuart-Summer (cyclic)","MFR",108,157,0,6,113,159,3,3,208,246,0,2,254.678218390695,272.237861400708,332,5,245.422730622935,156,"MFR","MFR","1+",254.678218390695,157,1,365,208,272.237861400708
"SEL","fraser","Taseko-Early Summer","MFR",108,157,0,6,111,146,0,6,194,238,0,2,220.764214417846,260.336729286496,30,1,224.076305054871,15,"MFR","MFR","1+",220.764214417846,157,1,365,194,260.336729286496
"SEL","haida gwaii","Ain-Skundale-Ian","HG",118,158,0,6,111,136,0,6,NA,NA,NA,NA,216.532278066291,252.206575843696,46,1,158.119158901203,33,"HecLow","HG","1+",216.532278066291,158,1,365,NA,252.206575843696
"SEL","haida gwaii","Awun","HG",118,158,0,6,111,136,0,6,NA,NA,NA,NA,222.291951307468,252.573324928492,57,1,149.7913481758,43,"HecLow","HG","1+",222.291951307468,158,1,365,NA,252.573324928492
"SEL","haida gwaii","Fairfax","HG",118,158,0,6,111,136,0,6,NA,NA,NA,NA,198.429634875955,233.358833096399,13,1,186.166186192727,19,"HecLow","HG","1+",198.429634875955,158,1,365,NA,233.358833096399
"SEL","haida gwaii","Jalun","HG",118,158,0,6,111,136,0,6,NA,NA,NA,NA,207.156102346673,241.448277889237,25,2,137.949451018145,17,"HecLow","HG","1+",207.156102346673,158,1,365,NA,241.448277889237
"SEL","haida gwaii","Marian/Eden","HG",118,158,0,6,111,136,0,6,NA,NA,NA,NA,227.761316504389,261.778538468742,61,1,171.361172317442,41,"HecLow","HG","1+",227.761316504389,158,1,365,NA,261.778538468742
"SEL","haida gwaii","Marie","HG",118,158,0,6,111,136,0,6,NA,NA,NA,NA,215.0391373,249.6640771,0,6,152.1117533,0,"HecLow","HG","1+",215.0391373,158,1,365,NA,249.6640771
"SEL","haida gwaii","Mathers","HG",118,158,0,6,111,136,2,4,NA,NA,NA,NA,216.649793498441,248.66669964988,19,1,140.005226501809,23,"HecLow","HG","1+",216.649793498441,158,1,365,NA,248.66669964988
"SEL","haida gwaii","Mercer","HG",118,158,0,6,111,136,0,6,NA,NA,NA,NA,215.608882304618,239.51001927979,39,1,176.0705847142,25,"HecLow","HG","1+",215.608882304618,158,1,365,NA,239.51001927979
"SEL","haida gwaii","Skidegate","HG",118,158,0,6,111,136,0,6,NA,NA,NA,NA,222.442100618731,250.672035361582,61,1,120.611910383411,43,"HecLow","HG","1+",222.442100618731,158,1,365,NA,250.672035361582
"SEL","haida gwaii","Yakoun","HG",118,158,0,6,111,136,0,6,NA,NA,NA,NA,220.194267541335,255.059428670517,59,1,128.765806848425,46,"HecLow","HG","1+",220.194267541335,158,1,365,NA,255.059428670517
"SEL","nass","Bowser","UNR",138,181,0,6,130,168,0,6,177,233,6,1,222.437297968054,267.533704005933,21,2,206.817248040655,21,"MSK","MSK","1+",222.437297968054,181,1,365,177,267.533704005933
"SEL","nass","Clements","LNR-P",118,158,0,6,108,149,0,6,NA,NA,NA,NA,195.702916647278,240.673943093672,34,2,181.016808225828,17,"HecLow","HecLow","1+",195.702916647278,158,1,365,NA,240.673943093672
"SEL","nass","Damdochax","UNR",138,181,0,6,130,168,0,6,163,233,6,1,235.193360406954,263.435918687961,37,1,207.516137908614,32,"MSK","MSK","1+",235.193360406954,181,1,365,163,263.435918687961
"SEL","nass","Fred Wright","UNR",138,181,0,6,130,168,0,6,NA,NA,NA,NA,234.920283225174,271.034153220282,31,1,228.030295597874,27,"MSK","MSK","1+",234.920283225174,181,1,365,NA,271.034153220282
"SEL","nass","Kwinageese","UNR",138,181,0,6,130,168,0,6,170,226,6,1,217.5763824,265.1285267,0,6,209.7496377,0,"MSK","MSK","1+",217.5763824,181,1,365,170,265.1285267
"SEL","nass","Leverson","LNR-P",118,158,0,6,108,149,0,6,NA,NA,NA,NA,200.045043967751,241.538567967427,6,NA,239.352154328154,2,"HecLow","HecLow","1+",200.045043967751,158,1,365,NA,241.538567967427
"SEL","nass","Meziadin","UNR",138,181,0,6,130,168,0,6,163,233,6,1,205.580713577469,303.665615978093,24,1,182.541130948011,31,"MSK","MSK","1+",205.580713577469,181,1,365,163,303.665615978093
"SEL","nass","Oweegee","UNR",138,181,0,6,130,168,0,6,NA,NA,NA,NA,233.313563622912,271.31443125106,2,5,219.949856239662,2,"MSK","MSK","1+",233.313563622912,181,1,365,NA,271.31443125106
"SEL","skeena","Alastair","LSK",100,154,0,6,126,164,2,3,156.328,227.672,1,5,236.725677705439,284.661264930405,109,1,228.800668967936,73,"LSK","LSK","1+",236.725677705439,154,1,365,156.328,284.661264930405
"SEL","skeena","Asitika","USK",138,181,0,6,144,175,0,6,175.06,229.94,1,5,252.850079133103,281.42858335908,32,1,240.254581976511,19,"MSK","USK","1+",252.850079133103,181,1,365,175.06,281.42858335908
"SEL","skeena","Azuklotz","USK",138,181,0,6,144,175,0,6,175.06,229.94,1,5,239.059440617749,269.240986942894,52,1,231.99686725024,23,"MSK","USK","1+",239.059440617749,181,1,365,175.06,269.240986942894
"SEL","skeena","Babine (enhanced)","MSK",140,168,2,4,136,170,40,1,178.56,233.44,1,5,238.1674953,272.7263457,0,6,223.8214257,0,NA,"MSK","1+",238.1674953,168,1,365,178.56,272.7263457
"SEL","skeena","Babine/Onerka","MSK",140,191,2,4,127,195,44,1,168.06,222.94,1,5,226.89102430377,265.035208321046,797,1,220.541014146008,403,NA,"MSK","1+",226.89102430377,191,1,365,168.06,265.035208321046
"SEL","skeena","Bear","USK",138,181,0,6,144,175,0,6,175.06,229.94,1,5,243.996367597606,273.286097421278,93,1,238.677842079113,47,"MSK","USK","1+",243.996367597606,181,1,365,175.06,273.286097421278
"SEL","skeena","Bulkley/Maxan","MSK",138,181,0,6,130,168,0,6,161.2,229.8,1,5,228.089749726134,260.755735561734,6,1,217.562097062919,1,"MSK","MSK","1+",228.089749726134,181,1,365,161.2,260.755735561734
"SEL","skeena","Damshilgwit","USK",138,181,0,6,144,165,4,3,175.06,229.94,1,5,234.8338236875,270.584367170873,8,1,224.388781699239,9,"MSK","USK","1+",234.8338236875,181,1,365,175.06,270.584367170873
"SEL","skeena","Ecstall/Lower","LSK",100,154,0,6,128,164,0,6,158.932,211.068,1,5,247.614669210064,268.806468572606,8,1,176.184559283549,8,"LSK","LSK","1+",247.614669210064,154,1,365,158.932,268.806468572606
"SEL","skeena","Footsore/Hodder","MSK",138,181,0,6,130,168,0,6,NA,NA,NA,NA,238.1674953,272.7263457,0,6,223.8214257,0,"MSK","MSK","1+",238.1674953,181,1,365,NA,272.7263457
"SEL","skeena","Gitanyow (Kitwanga/Kitwancool)","MSK",138,181,0,6,123,146,20,1,171.084,247.916,1,5,223.834875482845,268.608293858018,10,1,205.606910033302,11,"MSK","MSK","1+",223.834875482845,181,1,365,171.084,268.608293858018
"SEL","skeena","Johanson","USK",138,181,0,6,144,175,0,6,175.06,229.94,1,5,239.060128801228,261.148447227518,18,2,205.726620804215,3,"MSK","USK","1+",239.060128801228,181,1,365,175.06,261.148447227518
"SEL","skeena","Johnston","LSK",100,154,0,6,123,195,2,3,158.932,211.068,1,5,240.952077312085,276.966386973039,26,1,210.227377299269,16,"LSK","LSK","1+",240.952077312085,154,1,365,158.932,276.966386973039
"SEL","skeena","Kitsumkalum","LSK",100,154,0,6,130,150,4,3,168.2,236.8,1,5,248.14755561248,298.375109216464,173,1,236.27344781816,133,"LSK","LSK","1+",248.14755561248,154,1,365,168.2,298.375109216464
"SEL","skeena","Kluatantan","USK",138,181,0,6,144,175,0,6,161.2,229.8,1,5,224.51228016025,270.513557524831,2,3,228.452849432878,1,"MSK","USK","1+",224.51228016025,181,1,365,161.2,270.513557524831
"SEL","skeena","Kluayaz","USK",138,181,0,6,144,175,0,6,161.2,229.8,1,5,229.668585869013,275.66922047129,4,4,223.816205232447,0,"MSK","USK","1+",229.668585869013,181,1,365,161.2,275.66922047129
"SEL","skeena","Lakelse","LSK",100,154,7,2,129,165,5,1,158.932,211.068,1,5,230.57695414859,264.947498407212,216,1,219.01094173963,187,NA,"LSK","1+",230.57695414859,154,1,365,158.932,264.947498407212
"SEL","skeena","Mcdonell/Dennis/Aldrich","LSK",100,154,0,6,134,148,2,3,169.292,207.708,1,5,228.303424418561,262.814072804619,30,1,220.776203192891,20,"LSK","LSK","1+",228.303424418561,154,1,365,169.292,262.814072804619
"SEL","skeena","Morice/Atna","MSK",138,181,0,6,139,173,4,3,161.2,229.8,1,5,244.342915652745,274.983877837771,107,1,230.740315993389,58,"MSK","MSK","1+",244.342915652745,181,1,365,161.2,274.983877837771
"SEL","skeena","Motase","USK",138,181,0,6,144,175,0,6,179.316,239.684,1,5,246.511867642836,270.962063565485,31,1,232.305451570021,21,"MSK","USK","1+",246.511867642836,181,1,365,179.316,270.962063565485
"SEL","skeena","Nilkitkwa","MSK",137,182,2,3,130,169,73,1,189.06,243.94,1,5,238.1674953,272.7263457,0,6,223.8214257,0,NA,"MSK","1+",238.1674953,182,1,365,189.06,272.7263457
"SEL","skeena","Prudhomme","HecLow",118,158,0,6,108,149,0,6,NA,NA,NA,NA,246.504650527084,279.763969832039,55,1,245.358904394047,37,"HecLow","HecLow","1+",246.504650527084,158,1,365,NA,279.763969832039
"SEL","skeena","Shawatlan","HecLow",118,158,0,6,108,149,0,6,NA,NA,NA,NA,253.137528293094,289.875894048626,45,1,251.010490331401,22,"HecLow","HecLow","1+",253.137528293094,158,1,365,NA,289.875894048626
"SEL","skeena","Sicintine","USK",138,181,0,6,144,175,0,6,175.06,229.94,1,5,238.1674953,272.7263457,0,6,223.8214257,0,"MSK","USK","1+",238.1674953,181,1,365,175.06,272.7263457
"SEL","skeena","Slamgeesh","USK",138,181,0,6,144,165,4,3,175.06,229.94,1,5,241.028026958477,268.856788924793,7,1,218.638350699878,4,"MSK","USK","1+",241.028026958477,181,1,365,175.06,268.856788924793
"SEL","skeena","Spawning","USK",138,181,0,6,144,175,0,6,175.06,229.94,1,5,239.794382929323,274.206029279937,1,5,223.811698264231,0,"MSK","USK","1+",239.794382929323,181,1,365,175.06,274.206029279937
"SEL","skeena","Stephens","MSK",138,181,0,6,130,148,2,3,170.804,220.196,1,5,246.749448458495,274.483149147718,164,1,234.326375634514,136,"MSK","MSK","1+",246.749448458495,181,1,365,170.804,274.483149147718
"SEL","skeena","Sustut","USK",138,181,0,6,145,195,2,3,175.06,229.94,1,5,240.694959545002,267.127151133398,20,1,216.512431591551,6,"MSK","USK","1+",240.694959545002,181,1,365,175.06,267.127151133398
"SEL","skeena","Swan/Club","MSK",138,181,0,6,130,168,0,6,170.804,220.196,1,5,238.1674953,272.7263457,0,6,223.8214257,0,"MSK","MSK","1+",238.1674953,181,1,365,170.804,272.7263457
"SEL","skeena","Tahlo/Morrison","MSK",138,181,0,6,152,165,2,5,175.06,229.94,1,5,237.546183739958,268.493705312526,68,1,231.559846735611,32,"MSK","MSK","1+",237.546183739958,181,1,365,175.06,268.493705312526
"SEL","transboundary","Blanchard","Alsek",100,154,0,6,142,172,0,6,NA,NA,NA,NA,NA,NA,0,6,235.4961766,0,"LSK","LStk","1+",NA,154,1,365,NA,NA
"SEL","transboundary","Border","UNUK",100,154,0,6,142,172,0,6,NA,NA,NA,NA,NA,NA,0,6,235.4961766,0,"LSK","LStk","1+",NA,154,1,365,NA,NA
"SEL","transboundary","Christina","LStk",100,154,0,6,142,172,0,6,NA,NA,NA,NA,NA,NA,0,6,235.4961766,0,"LSK","LStk","1+",NA,154,1,365,NA,NA
"SEL","transboundary","Chutine","LStk",100,154,0,6,142,172,0,6,NA,NA,NA,NA,NA,NA,0,6,235.4961766,0,"LSK","LStk","1+",NA,154,1,365,NA,NA
"SEL","transboundary","King Salmon","Taku",100,154,0,6,125,185,0,6,172,214,15,1,NA,NA,0,6,235.4961766,0,"LSK","Taku","1+",NA,154,1,365,172,NA
"SEL","transboundary","Klukshu","Alsek",100,154,0,6,142,172,0,6,212,274,10,1,NA,NA,0,6,235.4961766,0,"LSK","LStk","1+",NA,154,1,365,212,NA
"SEL","transboundary","Kuthai","Taku",100,154,0,6,125,185,0,6,158,207,15,1,NA,NA,0,6,235.4961766,0,"LSK","Taku","1+",NA,154,1,365,158,NA
"SEL","transboundary","Little Trapper","Taku",100,154,0,6,125,185,0,6,179,228,15,1,NA,NA,0,6,235.4961766,0,"LSK","Taku","1+",NA,154,1,365,179,NA
"SEL","transboundary","Nesketahin","Alsek",100,154,0,6,142,172,0,6,NA,NA,NA,NA,NA,NA,0,6,235.4961766,0,"LSK","LStk","1+",NA,154,1,365,NA,NA
"SEL","transboundary","Tahltan","LStk",100,154,0,6,142,172,33,1,NA,NA,NA,NA,NA,NA,0,6,235.4961766,0,"LSK","LStk","1+",NA,154,1,365,NA,NA
"SEL","transboundary","Tatsamenie","Taku",100,154,0,6,125,185,10,1,193,256,15,1,NA,NA,0,6,235.4961766,0,"LSK","Taku","1+",NA,154,1,365,193,NA
"SEL","transboundary","Whiting","Whiting",100,154,0,6,142,172,0,6,NA,NA,NA,NA,NA,NA,0,6,235.4961766,0,"LSK","LStk","1+",NA,154,1,365,NA,NA
"SEL","vancouver island and mainland inlets","Alice","WVI",111,129,0,6,101,154,0,6,NA,NA,NA,NA,207.392208520857,240.712952119487,20,2,201.204954549855,12,"WVI","WVI","1+",207.392208520857,129,1,365,NA,240.712952119487
"SEL","vancouver island and mainland inlets","Canoe Creek","WVI",111,129,0,6,101,154,0,6,NA,NA,NA,NA,164.529988169518,194.95228948566,3,2,196.71337125668,0,"WVI","WVI","1+",164.529988169518,129,1,365,NA,194.95228948566
"SEL","vancouver island and mainland inlets","Cecilia","WVI",111,129,0,6,101,154,0,6,NA,NA,NA,NA,161.964877064319,248.520353478652,7,2,166.261152640123,5,"WVI","WVI","1+",161.964877064319,129,1,365,NA,248.520353478652
"SEL","vancouver island and mainland inlets","Cheewat","WVI",111,129,0,6,101,154,0,6,NA,NA,NA,NA,254.009370717816,254.009436507708,32,2,59.6870739120964,18,"WVI","WVI","1+",254.009370717816,129,1,365,NA,254.009436507708
"SEL","vancouver island and mainland inlets","Clayoquot","WVI",111,129,0,6,101,154,0,6,NA,NA,NA,NA,300.600443821774,328.511608470691,26,1,273.401272366364,23,"WVI","WVI","1+",300.600443821774,129,1,365,NA,328.511608470691
"SEL","vancouver island and mainland inlets","Deserted","WVI",111,129,1,4,101,154,0,6,NA,NA,NA,NA,201.211066928508,275.140629837531,10,2,275.285370442264,6,NA,"WVI","1+",201.211066928508,129,1,365,NA,275.140629837531
"SEL","vancouver island and mainland inlets","Fairy","WVI",111,129,0,6,101,154,0,6,NA,NA,NA,NA,242.709154065102,284.106284324106,30,1,220.798771132134,26,"WVI","WVI","1+",242.709154065102,129,1,365,NA,284.106284324106
"SEL","vancouver island and mainland inlets","Fulmore","SC",118,158,0,6,105,154,0,6,NA,NA,NA,NA,196.970136384932,253.389464815743,31,2,157.13320741805,33,"HecLow","SC","1+",196.970136384932,158,1,365,NA,253.389464815743
"SEL","vancouver island and mainland inlets","Great Central","WVI",111,129,0,6,119,170,1,4,NA,NA,NA,NA,227.5302542,260.9963424,0,6,196.7232409,0,"WVI","WVI","1+",227.5302542,129,1,365,NA,260.9963424
"SEL","vancouver island and mainland inlets","Henderson","WVI",111,129,0,6,101,154,0,6,NA,NA,NA,NA,262.065221038581,313.357917957009,37,2,236.124160059811,21,"WVI","WVI","1+",262.065221038581,129,1,365,NA,313.357917957009
"SEL","vancouver island and mainland inlets","Hesquiat","WVI",111,129,0,6,101,154,0,6,NA,NA,NA,NA,277.227007065887,317.158892900403,10,2,255.601277930166,9,"WVI","WVI","1+",277.227007065887,129,1,365,NA,317.158892900403
"SEL","vancouver island and mainland inlets","Heydon","SC",118,158,0,6,105,154,4,3,NA,NA,NA,NA,185.716002650888,224.197722940501,37,1,170.293185505556,35,"HecLow","SC","1+",185.716002650888,158,1,365,NA,224.197722940501
"SEL","vancouver island and mainland inlets","Hobiton","WVI",111,129,0,6,106,151,1,4,NA,NA,NA,NA,201.115479138875,253.859053823039,35,2,126.737383153402,24,"WVI","WVI","1+",201.115479138875,129,1,365,NA,253.859053823039
"SEL","vancouver island and mainland inlets","Ida-Bonanza","EVI",118,158,0,6,105,154,0,6,NA,NA,NA,NA,265.384792660435,296.116503208272,7,2,240.515048200042,4,"HecLow","SC","1+",265.384792660435,158,1,365,NA,296.116503208272
"SEL","vancouver island and mainland inlets","Jansen","WVI",111,129,0,6,101,154,0,6,NA,NA,NA,NA,188.016612122228,245.354811448366,21,2,189.866535661952,7,"WVI","WVI","1+",188.016612122228,129,1,365,NA,245.354811448366
"SEL","vancouver island and mainland inlets","Kakweiken","SC",118,158,0,6,105,154,0,6,NA,NA,NA,NA,223.331024553753,253.253349756872,32,2,197.315449799923,38,"HecLow","SC","1+",223.331024553753,158,1,365,NA,253.253349756872
"SEL","vancouver island and mainland inlets","Kanim","WVI",111,129,0,6,101,154,0,6,NA,NA,NA,NA,146.069274681796,222.570340840721,1,4,75.2162497313892,1,"WVI","WVI","1+",146.069274681796,129,1,365,NA,222.570340840721
"SEL","vancouver island and mainland inlets","Kennedy","WVI",111,129,0,6,101,154,0,6,NA,NA,NA,NA,277.586490300826,309.852177947282,71,1,244.587708828082,63,"WVI","WVI","1+",277.586490300826,129,1,365,NA,309.852177947282
"SEL","vancouver island and mainland inlets","Loose","SC",118,158,0,6,105,154,0,6,NA,NA,NA,NA,227.5302542,260.9963424,0,6,196.7232409,0,"HecLow","SC","1+",227.5302542,158,1,365,NA,260.9963424
"SEL","vancouver island and mainland inlets","Mackenzie","SC",118,158,0,6,105,154,0,6,NA,NA,NA,NA,198.631623567916,263.052469297133,34,1,168.88353723936,32,"HecLow","SC","1+",198.631623567916,158,1,365,NA,263.052469297133
"SEL","vancouver island and mainland inlets","Maggie","WVI",111,129,0,6,101,154,0,6,NA,NA,NA,NA,258.420183978018,278.41905495594,1,5,242.521420539689,2,"WVI","WVI","1+",258.420183978018,129,1,365,NA,278.41905495594
"SEL","vancouver island and mainland inlets","Megin","WVI",111,129,0,6,101,154,0,6,NA,NA,NA,NA,226.218798408608,312.041526732559,28,1,199.976902889653,23,"WVI","WVI","1+",226.218798408608,129,1,365,NA,312.041526732559
"SEL","vancouver island and mainland inlets","Muchalat","WVI",111,129,0,6,101,154,0,6,NA,NA,NA,NA,215.281630084957,294.850616123314,48,1,179.554020258469,31,"WVI","WVI","1+",215.281630084957,129,1,365,NA,294.850616123314
"SEL","vancouver island and mainland inlets","Muriel","WVI",111,129,0,6,86,148,1,4,NA,NA,NA,NA,306.305683666205,329.657825023411,7,1,306.698947965504,2,"WVI","WVI","1+",306.305683666205,129,1,365,NA,329.657825023411
"SEL","vancouver island and mainland inlets","Nahwitti","EVI",118,158,0,6,105,154,0,6,NA,NA,NA,NA,222.499682394516,272.392405513977,38,2,151.084327242491,41,"HecLow","SC","1+",222.499682394516,158,1,365,NA,272.392405513977
"SEL","vancouver island and mainland inlets","Nimpkish","EVI",118,158,0,6,105,154,0,6,NA,NA,NA,NA,212.914891462427,287.918288219049,42,1,140.867223440459,41,"HecLow","SC","1+",212.914891462427,158,1,365,NA,287.918288219049
"SEL","vancouver island and mainland inlets","Nitinat","WVI",111,129,0,6,101,154,0,6,NA,NA,NA,NA,277.69222895211,309.741687171125,10,1,228.513080011033,14,"WVI","WVI","1+",277.69222895211,129,1,365,NA,309.741687171125
"SEL","vancouver island and mainland inlets","O'Connell","WVI",111,129,0,6,101,154,0,6,NA,NA,NA,NA,215.199236244522,252.342751533008,30,2,204.051527614572,18,"WVI","WVI","1+",215.199236244522,129,1,365,NA,252.342751533008
"SEL","vancouver island and mainland inlets","Park River","WVI",111,129,0,6,101,154,0,6,NA,NA,NA,NA,182.476655417714,235.739893905362,26,2,192.449083090451,9,"WVI","WVI","1+",182.476655417714,129,1,365,NA,235.739893905362
"SEL","vancouver island and mainland inlets","Phillips","SC",118,158,0,6,105,154,0,6,NA,NA,NA,NA,207.138950211589,260.242956144721,46,1,194.419564732502,37,"HecLow","SC","1+",207.138950211589,158,1,365,NA,260.242956144721
"SEL","vancouver island and mainland inlets","Power","WVI",111,129,0,6,101,154,0,6,NA,NA,NA,NA,224.589060829312,271.503595029088,18,2,251.635363345061,7,"WVI","WVI","1+",224.589060829312,129,1,365,NA,271.503595029088
"SEL","vancouver island and mainland inlets","Quatse","EVI",118,158,0,6,105,154,0,6,NA,NA,NA,NA,200.69991945667,246.70018671655,42,1,145.587755995656,40,"HecLow","SC","1+",200.69991945667,158,1,365,NA,246.70018671655
"SEL","vancouver island and mainland inlets","Sakinaw","SC",118,158,0,6,105,154,0,6,NA,NA,NA,NA,249.549155272065,300.268388247571,26,1,199.838824306804,25,"HecLow","SC","1+",249.549155272065,158,1,365,NA,300.268388247571
"SEL","vancouver island and mainland inlets","Schoen","EVI",118,158,0,6,105,154,0,6,NA,NA,NA,NA,227.5302542,260.9963424,0,6,196.7232409,0,"HecLow","SC","1+",227.5302542,158,1,365,NA,260.9963424
"SEL","vancouver island and mainland inlets","Shushartie","EVI",118,158,0,6,105,154,0,6,NA,NA,NA,NA,192.539050398924,248.644845543681,19,2,150.229500419142,26,"HecLow","SC","1+",192.539050398924,158,1,365,NA,248.644845543681
"SEL","vancouver island and mainland inlets","Sproat","WVI",111,129,0,6,99,152,21,1,NA,NA,NA,NA,227.5302542,260.9963424,0,6,196.7232409,0,"WVI","WVI","1+",227.5302542,129,1,365,NA,260.9963424
"SEL","vancouver island and mainland inlets","Tzoonie","SC",118,158,0,6,105,154,0,6,NA,NA,NA,NA,200.236536320105,236.612625702831,11,1,205.478553685609,4,"HecLow","SC","1+",200.236536320105,158,1,365,NA,236.612625702831
"SEL","vancouver island and mainland inlets","Vernon","WVI",111,129,0,6,101,154,0,6,NA,NA,NA,NA,227.5302542,260.9963424,0,6,196.7232409,0,"WVI","WVI","1+",227.5302542,129,1,365,NA,260.9963424
"SEL","vancouver island and mainland inlets","William-Brink","WVI",111,129,0,6,101,154,0,6,NA,NA,NA,NA,167.250147302399,195.925810549186,7,2,196.714728776972,0,"WVI","WVI","1+",167.250147302399,129,1,365,NA,195.925810549186
"SEL","vancouver island and mainland inlets","Woss","EVI",118,158,0,6,105,154,0,6,NA,NA,NA,NA,227.5302542,260.9963424,0,6,196.7232409,0,"HecLow","SC","1+",227.5302542,158,1,365,NA,260.9963424
"SER","central coast","Northern Coastal Fjords (river-type)","NC",71,189,2,4,69,119,23,1,NA,NA,NA,NA,243.889862453818,274.306918885092,466,1,218.785481405345,487,NA,"NC","0+",243.889862453818,189,71,119,NA,274.306918885092
"SER","central coast","Northern Coastal Streams (river-type)","NC",71,189,0,6,69,119,0,6,NA,NA,NA,NA,200.825920056352,234.046971786582,145,1,223.901406955414,91,"NC","NC","0+",200.825920056352,189,71,119,NA,234.046971786582
"SER","central coast","Rivers-Smith Inlets (river-type)","RSI",101,127,0,6,131,185,4,3,NA,NA,NA,NA,241.765390545073,274.890887372656,11,5,232.243589999069,12,"EVI","RSI","0+",241.765390545073,127,101,185,NA,274.890887372656
"SER","fraser","Harrison River (river-type)","LFR",101,127,0,6,163,207,1,3,206,261,0,6,293.421635028761,342.643092226485,72,5,292.981215106234,37,"EVI","LFR","0+",293.421635028761,127,101,207,206,342.643092226485
"SER","fraser","Widgeon (river-type)","LFR",101,127,0,6,163,207,0,6,206,261,0,2,284.728363952263,335.60310094998,62,5,296.109154988618,30,"EVI","LFR","0+",284.728363952263,127,101,207,206,335.60310094998
"SER","haida gwaii","East Haida Gwaii (river-type)","HG",71,189,0,6,69,119,0,6,NA,NA,NA,NA,245.050417934268,271.537827689291,39,1,245.34997452236,44,"NC","NC","0+",245.050417934268,189,71,119,NA,271.537827689291
"SER","haida gwaii","North Haida Gwaii (river-type)","HG",71,189,0,6,69,119,0,6,NA,NA,NA,NA,202.461724034743,226.262701277762,15,1,227.586813938782,1,"NC","NC","0+",202.461724034743,189,71,119,NA,226.262701277762
"SER","haida gwaii","West Haida Gwaii (river-type)","HG",71,189,0,6,69,119,0,6,NA,NA,NA,NA,214.233144367641,234.51664838012,5,1,236.021552893626,23,"NC","NC","0+",214.233144367641,189,71,119,NA,234.51664838012
"SER","nass","Lower Nass-Portland (river-type)","LNR-P",71,189,0,6,134,153,1,4,156,198,6,1,197.247796843221,230.740222942338,123,1,196.609522539697,94,"NC","LNR-P","0+",197.247796843221,189,71,153,156,230.740222942338
"SER","nass","Upper Nass River (river-type)","UNR",71,189,0,6,69,119,0,6,163,240,6,1,261.033512639704,295.163223721256,20,1,253.327428753674,22,"NC","NC","0+",261.033512639704,189,71,119,163,295.163223721256
"SER","skeena","Skeena River-High Interior (river-type)","MSK",71,189,0,6,69,119,0,6,NA,NA,NA,NA,249.852685132009,268.10295149167,16,1,242.561724007642,14,"NC","NC","0+",249.852685132009,189,71,119,NA,268.10295149167
"SER","skeena","Skeena River (river-type)","MSK",71,189,0,6,69,119,0,6,NA,NA,NA,NA,232.599744282243,260.358309407958,81,1,216.371344654634,69,"NC","NC","0+",232.599744282243,189,71,119,NA,260.358309407958
"SER","transboundary","Alsek (river-type)","Alsek",110,181,0,6,125,243,0,6,NA,NA,NA,NA,NA,NA,0,6,202.9912897,0,"Taku","Taku","0+",NA,181,110,243,NA,NA
"SER","transboundary","Chilkat (river-type)","Lynn",110,181,0,6,125,243,0,6,NA,NA,NA,NA,NA,NA,0,6,202.9912897,0,"Taku","Taku","0+",NA,181,110,243,NA,NA
"SER","transboundary","Northern Transboundary Fjords (river-type)","Taku",110,181,1,4,125,243,4,4,165,228,15,1,NA,NA,0,6,202.9912897,0,NA,"Taku","0+",NA,181,110,243,165,NA
"SER","vancouver island and mainland inlets","East Vancouver Island & Georgia Strait (river-type)","EVI",101,127,1,4,81,118,0,6,NA,NA,NA,NA,247.695496603156,282.883304928715,238,1,233.049590823808,223,NA,"SC","0+",247.695496603156,127,101,118,NA,282.883304928715
"SER","vancouver island and mainland inlets","NW Vancouver Island (river-type)","WVI",71,189,0,6,110,153,0,6,NA,NA,NA,NA,248.573079462833,279.133848489823,21,1,256.051798068558,26,"NC","WVI","0+",248.573079462833,189,71,153,NA,279.133848489823
"SER","vancouver island and mainland inlets","Southern Fjords (river-type)","SC",101,127,0,6,81,118,1,3,NA,NA,NA,NA,215.368697769464,258.415176338306,96,1,222.953693851968,93,"EVI","SC","0+",215.368697769464,127,101,118,NA,258.415176338306
"SER","vancouver island and mainland inlets","West Vancouver Island (river-type)","WVI",71,189,0,6,110,153,4,4,NA,NA,NA,NA,272.635732692858,304.559862741584,383,1,253.571946593743,401,"NC","WVI","0+",272.635732692858,189,71,153,NA,304.559862741584
"SH","central coast","Central Coast Winter","BCD",213,253,1,4,132,156,0,6,305,151,13,2,125,177,1,4,NA,NA,NA,"UNR","1+",125,253,1,365,305,177
"SH","central coast","North Coast Summer","NC",213,253,0,6,132,156,0,6,166,114,0,6,130,166,0,6,NA,NA,"BCD","UNR","1+",130,253,1,365,166,166
"SH","central coast","North Coast Winter","NC",213,253,0,6,132,156,0,6,305,151,0,6,125,177,0,6,NA,NA,"BCD","UNR","1+",125,253,1,365,305,177
"SH","central coast","Transition Summer","BCD",213,253,0,6,132,156,0,6,166,114,2,4,130,166,1,4,NA,NA,"BCD","UNR","1+",130,253,1,365,166,166
"SH","columbia","Mid Columbia Summer",NA,NA,NA,0,6,NA,NA,NA,NA,210,313,1,4,84,135,5,3,NA,NA,"","","1+",84,NA,1,365,210,135
"SH","fraser","Boundary Bay Winter","BB",196,267,0,6,124,152,1,4,332,102,0,6,100,162,0,6,NA,NA,"LTh","BB","1+",100,267,1,365,332,162
"SH","fraser","Fraser Canyon Summer","FRCany",196,267,0,6,116,157,0,6,263,321,3,2,122,162,3,4,NA,NA,"LTh","MFR","1+",122,267,1,365,263,162
"SH","fraser","Lower Fraser Summer","LFR",196,267,0,6,95,165,0,6,156,262,18,2,127,155,0,6,NA,NA,"LTh","LFR","1+",127,267,1,365,156,155
"SH","fraser","Lower Fraser Winter","LFR",196,267,0,6,95,165,69,1,332,102,66,2,100,162,2,4,NA,NA,"LTh","LFR","1+",100,267,1,365,332,162
"SH","fraser","Mid Fraser Summer","MFR",196,267,0,6,116,157,1,4,263,321,3,2,127,155,17,3,NA,NA,"LTh","MFR","1+",127,267,1,365,263,155
"SH","fraser","Thompson Summer","LTh",196,267,2,4,101,153,1,4,263,321,3,2,120,154,8,4,NA,NA,NA,"LTh","1+",120,267,1,365,263,154
"SH","haida gwaii","Haida Gwaii Winter","HG",213,253,0,6,132,156,0,6,71,123,1,4,82,141,1,4,NA,NA,"BCD","UNR","1+",82,253,1,365,71,141
"SH","nass","Nass Summer","UNR",215,236,0,6,132,156,1,4,187,257,3,4,120,184,4,4,NA,NA,"MSK","UNR","1+",120,236,1,365,187,184
"SH","nass","Nass Winter","LNR-P",213,253,0,6,132,156,0,6,71,123,0,6,82,141,0,6,NA,NA,"BCD","UNR","1+",82,253,1,365,71,141
"SH","skeena","Babine","MSK",215,236,0,6,156,185,0,6,195,256,12,1,126,163,3,4,NA,NA,"MSK","MSK","1+",126,236,1,365,195,163
"SH","skeena","Bulkley","MSK",215,236,0,6,156,185,7,1,189,257,12,1,129,156,2,4,NA,NA,"MSK","MSK","1+",129,236,1,365,189,156
"SH","skeena","Kispiox","MSK",215,236,0,6,156,185,0,6,194,259,12,1,140,161,1,4,NA,NA,"MSK","MSK","1+",140,236,1,365,194,161
"SH","skeena","Middle Skeena","MSK",215,236,0,6,156,185,0,6,194,258,24,1,127,147,2,3,NA,NA,"MSK","MSK","1+",127,236,1,365,194,147
"SH","skeena","Morice","MSK",215,236,1,4,156,185,0,6,189,257,12,1,132,177,2,4,NA,NA,NA,"MSK","1+",132,236,1,365,189,177
"SH","skeena","Skeena Coastal Summers","LSK",213,253,0,6,156,185,0,6,186,258,24,1,134,158,4,4,NA,NA,"BCD","MSK","1+",134,253,1,365,186,158
"SH","skeena","Skeena Coastal Winters","LSK",213,253,0,6,156,185,0,6,287,140,1,2,82,141,0,6,NA,NA,"BCD","MSK","1+",82,253,1,365,287,141
"SH","skeena","Suskwa","MSK",215,236,0,6,156,185,0,6,198,259,12,1,141,168,1,4,NA,NA,"MSK","MSK","1+",141,236,1,365,198,168
"SH","skeena","Upper Skeena","USK",198,227,0,6,113,139,0,6,190,251,12,1,152,177,0,6,NA,NA,"USK","USK","1+",152,227,1,365,190,177
"SH","skeena","Upper Skeena Headwaters","USK",198,227,2,4,113,139,2,4,190,251,0,6,152,177,0,6,NA,NA,NA,"USK","1+",152,227,1,365,190,177
"SH","skeena","Upper Sustut","USK",198,227,0,6,113,139,0,6,191,247,12,1,152,177,2,4,NA,NA,"USK","USK","1+",152,227,1,365,191,177
"SH","transboundary","Alsek Summer","Alsek",213,253,0,6,132,156,0,6,NA,NA,NA,NA,NA,NA,0,6,NA,NA,"BCD","UNR","1+",NA,253,1,365,NA,NA
"SH","transboundary","Stikine Summer","LStk",213,253,0,6,132,156,0,6,NA,NA,NA,NA,NA,NA,0,6,NA,NA,"BCD","UNR","1+",NA,253,1,365,NA,NA
"SH","transboundary","Stikine Winter","LStk",213,253,0,6,132,156,0,6,NA,NA,NA,NA,NA,NA,0,6,NA,NA,"BCD","UNR","1+",NA,253,1,365,NA,NA
"SH","transboundary","Taku Summer","Taku",213,253,0,6,132,156,0,6,NA,NA,NA,NA,NA,NA,0,6,NA,NA,"BCD","UNR","1+",NA,253,1,365,NA,NA
"SH","transboundary","Taku Winter","Taku",213,253,0,6,132,156,0,6,NA,NA,NA,NA,NA,NA,0,6,NA,NA,"BCD","UNR","1+",NA,253,1,365,NA,NA
"SH","vancouver island and mainland inlets","East Vancouver Island Summer","EVI",213,253,0,6,123,145,1,4,116,204,0,6,130,166,0,6,NA,NA,"BCD","EVI","1+",130,253,1,365,116,166
"SH","vancouver island and mainland inlets","East Vancouver Island Winter","EVI",154,170,1,5,96,171,50,1,334,98,24,4,77,143,3,4,NA,NA,NA,"EVI","1+",77,170,1,365,334,143
"SH","vancouver island and mainland inlets","South Coast Summer","SC",213,253,0,6,126,166,2,3,116,204,18,2,130,166,0,6,NA,NA,"BCD","SC","1+",130,253,1,365,116,166
"SH","vancouver island and mainland inlets","South Coast Winter","SC",213,253,0,6,105,166,9,1,356,156,29,2,95,164,9,1,NA,NA,"BCD","SC","1+",95,253,1,365,356,164
"SH","vancouver island and mainland inlets","West Vancouver Island Summer","WVI",213,253,0,6,90,153,0,6,116,204,0,6,130,166,0,6,NA,NA,"BCD","WVI","1+",130,253,1,365,116,166
"SH","vancouver island and mainland inlets","West Vancouver Island Winter","WVI",213,253,0,6,90,153,42,1,336,98,1,4,95,169,1,4,NA,NA,"BCD","WVI","1+",95,253,1,365,336,169
